counter_id,sensor,census_section,route_number,route_ja,route_en,observation_address_ja,observation_month,census_vol24_2021,large12_pct_2021,lanes,speed_limit_kmh,peak_speed_up_kmh,peak_speed_down_kmh,offpeak_speed_up_kmh,offpeak_speed_down_kmh,match_km,town_in_address,match_vol_ratio
1110060,loop,01300050780,5,一般国道５号,National Route 5,小樽市蘭島1丁目,2021-10,12810.0,12.9,2.0,60.0,48.8,50.3,51.6,51.6,0.46,True,1.057
1110080,loop,01300050840,5,一般国道５号,National Route 5,小樽市張碓145,2021-10,28130.0,16.8,4.0,60.0,52.8,54.1,52.7,54.8,0.48,False,0.995
1110100,loop,01300051060,5,一般国道５号（函館新道）,National Route 5,函館市桔梗町440,2021-10,24318.0,12.1,4.0,100.0,57.3,58.5,61.6,56.3,0.26,True,1.054
1110130,loop,01300120250,12,一般国道１２号,National Route 12,岩見沢市上幌向町南1条2丁目,2021-10,19687.0,12.2,4.0,60.0,41.3,39.6,41.3,43.7,1.95,False,0.97
1110140,loop,01300120400,12,一般国道１２号,National Route 12,美唄市西1条北5丁目,2021-10,10987.0,23.8,4.0,60.0,47.8,49.6,48.7,49.5,1.52,False,0.928
1110150,loop,01300120680,12,一般国道１２号,National Route 12,旭川市神居町神居古潭,2021-10,16059.0,24.8,2.0,60.0,58.4,54.9,58.0,55.3,2.35,True,0.974
1110160,loop,01300120830,12,一般国道１２号,National Route 12,旭川市旭町1条21丁目563番,2021-10,23654.0,16.9,4.0,60.0,37.2,39.7,39.2,42.8,0.09,False,0.902
1110180,loop,01300360390,36,一般国道３６号,National Route 36,苫小牧市日吉町2丁目1番地5号,2021-10,26189.0,14.4,4.0,50.0,31.5,31.9,33.6,35.7,0.13,False,1.004
1110190,loop,01300360500,36,一般国道３６号,National Route 36,登別市大和町2丁目34番地1,2021-10,23693.0,12.3,4.0,60.0,38.6,40.9,43.0,43.7,0.21,True,0.987
1110220,loop,01300380130,38,一般国道３８号,National Route 38,芦別市北6条西4丁目,2021-10,6515.0,17.4,2.0,50.0,26.4,28.3,27.4,32.2,0.2,False,0.974
1110230,loop,01302370220,237,一般国道２３７号,National Route 237,富良野市東学田二区3933番,2021-10,7385.0,12.7,2.0,40.0,48.2,41.0,48.5,43.4,2.3,False,0.988
1110260,loop,01300380680,38,一般国道３８号,National Route 38,中川郡幕別町札内,2021-10,11849.0,11.1,2.0,60.0,50.2,48.3,50.4,49.5,1.8,False,1.05
1110281,loop,01300381040,38,一般国道３８号（釧路外環状道路）,National Route 38,釧路市昭和,2021-10,14123.0,22.4,2.0,70.0,62.3,66.3,64.7,68.0,0.69,True,1.036
1110282,loop,01300381060,38,一般国道３８号（釧路外環状道路）,National Route 38,釧路郡釧路町字別保原野,2021-10,9497.0,29.0,2.0,70.0,71.1,71.0,72.1,71.5,0.37,True,1.059
1110283,loop,01300441010,44,一般国道４４号（釧路外環状道路）,National Route 44,釧路郡釧路町字別保,2021-10,5594.0,33.6,2.0,70.0,73.0,72.5,71.6,73.6,2.91,True,1.126
1110290,loop,01300390070,39,一般国道３９号,National Route 39,旭川市永山2条24丁目93番,2021-10,8757.0,13.2,4.0,50.0,39.7,37.3,40.6,38.6,0.08,False,1.118
1110331,loop,01300390710,39,一般国道３９号（北見道路）,National Route 39,北見市南丘（南丘）,2021-10,5717.0,27.4,2.0,70.0,77.0,73.4,75.2,74.5,2.73,True,0.96
1110332,loop,01300390715,39,一般国道３９号（北見道路）,National Route 39,北見市川東（川東）,2021-10,4853.0,29.6,2.0,70.0,82.8,78.4,79.9,77.3,1.52,True,0.928
1110350,loop,01300390690,39,一般国道３９号（美幌バイパス）,National Route 39,網走郡大空町女満別中央（新女満別）,2021-10,4562.0,12.0,2.0,70.0,67.9,67.4,66.5,67.2,2.4,True,1.093
1110430,loop,01300400760,40,一般国道４０号（名寄美深道路）,National Route 40,中川郡美深町字美深,2021-10,3913.0,20.2,2.0,80.0,86.7,75.8,84.9,77.5,1.13,True,1.085
1110431,loop,01300400840,40,一般国道４０号（名寄美深道路）,National Route 40,中川郡美深町字敷島,2021-10,3091.0,23.9,2.0,80.0,78.9,75.6,77.1,76.4,0.25,True,1.059
1110490,loop,01302270110,227,一般国道２２７号,National Route 227,北斗市市渡155,2021-10,5330.0,20.5,2.0,60.0,60.0,62.6,58.6,60.0,0.32,True,1.067
1110570,loop,01302290480,229,一般国道２２９号,National Route 229,二海郡八雲町熊石折戸,2021-10,1605.0,11.8,2.0,50.0,58.0,56.2,58.1,58.3,0.3,False,0.93
1110640,loop,01302320310,232,一般国道２３２号,National Route 232,留萌郡小平町字臼谷56,2021-10,6260.0,29.3,4.0,60.0,51.8,54.1,54.1,54.7,0.83,True,1.013
1110720,loop,01302340260,234,一般国道２３４号,National Route 234,勇払郡安平町安平,2021-10,7452.0,35.9,2.0,60.0,55.2,53.8,55.1,54.2,0.91,True,0.989
1110730,loop,01302350240,235,一般国道２３５号,National Route 235,勇払郡むかわ町宮戸,2021-10,6425.0,21.0,2.0,40.0,35.2,34.1,35.5,37.5,0.64,True,1.044
1110740,loop,01302350440,235,一般国道２３５号,National Route 235,浦河郡浦河町字絵笛,2021-10,6008.0,13.4,2.0,40.0,53.8,50.4,52.7,50.5,2.53,True,1.074
1110760,loop,01302350050,235,一般国道２３５号（日高自動車道）,National Route 235,勇払郡厚真町共和16-3,2021-10,11397.0,20.9,2.0,100.0,90.0,91.6,91.1,93.3,1.6,True,1.08
1110770,loop,01302350070,235,一般国道２３５号（日高自動車道）,National Route 235,勇払郡むかわ町田浦214-1,2021-10,10797.0,20.7,2.0,70.0,79.0,80.0,79.8,81.6,1.15,True,1.062
1110780,loop,01302360270,236,一般国道２３６号,National Route 236,広尾郡大樹町南町,2021-10,4678.0,21.0,2.0,50.0,55.9,56.1,56.0,56.9,1.81,False,1.024
1110810,loop,01302360380,236,一般国道２３６号（帯広広尾道）,National Route 236,河西郡芽室町北伏古,2021-10,3897.0,44.5,2.0,70.0,79.1,79.1,78.5,79.9,2.61,False,1.019
1110820,loop,01302360400,236,一般国道２３６号（帯広広尾道）,National Route 236,帯広市昭和町,2021-10,8039.0,23.9,2.0,70.0,79.2,80.7,80.8,81.0,2.17,False,0.991
1110830,loop,01302360420,236,一般国道２３６号（帯広広尾道）,National Route 236,河西郡中札内村新生,2021-10,7451.0,21.0,2.0,70.0,80.3,78.8,80.0,79.7,1.0,False,0.956
1110831,loop,01302360430,236,一般国道２３６号（帯広広尾道）,National Route 236,河西郡中札内村栄東2線,2021-10,5420.0,21.7,2.0,80.0,84.3,82.6,84.1,82.5,0.42,False,0.973
1110832,loop,01302360445,236,一般国道２３６号（帯広広尾道）,National Route 236,河西郡更別村字更別南4線,2021-10,4419.0,18.6,2.0,80.0,80.8,84.7,79.4,85.6,2.43,True,1.03
1110833,loop,01302360460,236,一般国道２３６号（帯広広尾道）,National Route 236,中川郡幕別町忠類共栄,2021-10,3350.0,19.2,2.0,80.0,76.9,73.3,75.4,72.3,1.7,True,0.991
1110970,loop,01302420400,242,一般国道２４２号,National Route 242,中川郡本別町共栄,2021-10,6189.0,35.3,2.0,60.0,60.5,59.6,58.9,59.1,1.41,True,0.917
1110990,loop,01302430160,243,一般国道２４３号,National Route 243,川上郡標茶町虹別市街,2021-10,2781.0,19.3,2.0,60.0,35.6,30.7,36.3,32.5,0.13,True,1.073
1111020,loop,01302440240,244,一般国道２４４号,National Route 244,野付郡別海町尾岱沼,2021-10,1843.0,13.6,2.0,50.0,55.1,50.9,55.3,55.8,2.34,True,1.071
1111030,loop,01302720010,272,一般国道２７２号,National Route 272,釧路郡釧路町字上別保原野,2021-10,4168.0,26.2,2.0,60.0,65.4,65.6,65.4,67.2,1.02,True,1.155
1111090,loop,01302750100,275,一般国道２７５号,National Route 275,江別市角山,2021-10,19114.0,24.9,4.0,60.0,57.0,58.6,53.1,55.7,0.43,True,1.005
1111100,loop,01302750260,275,一般国道２７５号,National Route 275,樺戸郡浦臼町浦臼内127番地,2021-10,8150.0,32.9,2.0,40.0,46.8,46.8,46.9,47.2,1.51,True,0.986
1111110,loop,01302750330,275,一般国道２７５号,National Route 275,樺戸郡新十津川町字中央,2021-10,4604.0,35.3,2.0,50.0,51.5,54.8,52.2,54.4,1.9,True,1.04
1111160,loop,01303330180,333,一般国道３３３号,National Route 333,常呂郡佐呂間町字中園（ルクシ峠）,2021-10,6713.0,16.7,2.0,60.0,59.2,65.4,59.8,65.2,0.52,True,1.01
1111230,loop,01303910210,391,一般国道３９１号,National Route 391,斜里郡小清水町字水上（水上）,2021-10,1029.0,26.4,2.0,60.0,64.1,66.4,63.4,64.1,2.59,True,0.977
1111330,loop,01304530050,453,一般国道４５３号,National Route 453,札幌市南区常盤4条2丁目,2021-10,7862.0,11.5,4.0,50.0,37.1,34.1,37.8,36.3,0.18,False,1.105
1111350,loop,01303370500,337,一般国道３３７号,National Route 337,千歳市中央,2021-10,8819.0,41.2,4.0,70.0,82.3,80.7,80.6,80.2,1.34,True,1.1
1111500,loop,01300440280,44,一般国道４４号（根室道路）,National Route 44,根室市幌茂尻,2021-10,3190.0,17.9,2.0,80.0,75.1,74.7,76.2,76.0,0.24,True,1.078
1310010,loop,01300050110,5,一般国道５号,National Route 5,亀田郡七飯町字上藤城4-22,2021-10,6541.0,7.3,2.0,50.0,36.2,37.7,38.2,37.5,2.07,True,0.953
1310020,loop,01300050180,5,一般国道５号,National Route 5,茅部郡森町赤井川,2021-10,12580.0,23.4,2.0,60.0,52.4,52.0,53.2,53.0,1.6,True,0.977
1310040,loop,01300050670,5,一般国道５号,National Route 5,岩内郡共和町国富110,2021-10,7547.0,21.8,2.0,50.0,56.2,60.6,56.6,59.2,0.9,True,1.103
1310060,loop,01300120030,12,一般国道１２号,National Route 12,札幌市中央区北1条東12丁目,2021-10,34366.0,14.1,4.0,50.0,20.0,19.9,24.4,21.8,0.08,False,0.985
1310070,loop,01300120080,12,一般国道１２号,National Route 12,札幌市白石区本通4丁目北,2021-10,31649.0,9.9,4.0,50.0,21.0,22.8,24.2,24.4,0.14,False,0.983
1310080,loop,01300120140,12,一般国道１２号,National Route 12,札幌市厚別区厚別東5条8丁目,2021-10,30260.0,7.8,4.0,50.0,23.0,35.2,28.6,38.2,0.14,False,0.969
1310100,loop,01300120510,12,一般国道１２号,National Route 12,砂川市空知太西1条4丁目,2021-10,20406.0,14.3,4.0,60.0,39.7,34.0,40.1,34.7,0.14,False,0.973
1310140,loop,01300360300,36,一般国道３６号,National Route 36,千歳市美々,2021-10,26568.0,30.2,4.0,60.0,58.7,61.4,56.5,58.6,0.92,True,1.082
1310160,loop,01300370260,37,一般国道３７号,National Route 37,室蘭市幌萌町,2021-10,19216.0,11.2,4.0,50.0,46.0,44.5,47.1,45.9,1.55,True,0.99
1310200,loop,01300380840,38,一般国道３８号,National Route 38,釧路市音別町あけぼの2丁目,2021-10,4479.0,26.8,2.0,60.0,63.0,63.8,63.6,63.0,0.46,True,0.942
1310250,loop,01300400200,40,一般国道４０号,National Route 40,士別市南町西1区3142番,2021-10,10033.0,22.3,2.0,40.0,21.8,22.1,22.8,22.3,1.23,False,0.902
1310260,loop,01300400220,40,一般国道４０号,National Route 40,士別市東1条北9丁目,2021-10,8001.0,22.8,2.0,60.0,39.9,39.7,39.7,40.4,0.1,False,0.969
1310320,loop,01302270180,227,一般国道２２７号,National Route 227,檜山郡江差町字泊1038,2021-10,9334.0,11.5,2.0,50.0,46.3,45.4,45.7,46.2,2.59,False,0.925
1310360,loop,01302290470,229,一般国道２２９号,National Route 229,二海郡八雲町熊石雲石町,2021-10,1567.0,11.8,2.0,50.0,49.7,51.0,51.2,50.8,0.62,True,0.886
1310370,loop,01302300080,230,一般国道２３０号,National Route 230,札幌市南区南37条西10丁目,2021-10,38996.0,6.8,4.0,50.0,26.6,31.0,28.2,32.6,0.06,False,0.986
1310380,loop,01302300140,230,一般国道２３０号,National Route 230,虻田郡喜茂別町字伏見284,2021-10,6737.0,17.4,2.0,60.0,58.0,56.4,57.0,56.9,1.26,True,1.151
1310390,loop,01302300180,230,一般国道２３０号,National Route 230,虻田郡留寿都村字泉川228,2021-10,5291.0,20.3,2.0,50.0,54.6,51.3,52.4,52.0,1.57,True,1.131
1310420,loop,01302320200,232,一般国道２３２号,National Route 232,苫前郡苫前町字栄浜54,2021-10,4563.0,18.4,2.0,60.0,59.0,59.9,60.8,59.3,0.26,True,1.054
1310430,loop,01302340350,234,一般国道２３４号,National Route 234,苫小牧市沼ノ端,2021-10,5930.0,33.6,2.0,60.0,29.0,28.9,32.4,30.5,2.87,False,1.042
1310450,loop,01302360040,236,一般国道２３６号,National Route 236,帯広市川西町南帯橋,2021-10,8333.0,15.2,2.0,60.0,43.8,47.4,43.3,47.5,0.06,False,1.071
1310470,loop,01302370330,237,一般国道２３７号,National Route 237,沙流郡日高町字日高360-1,2021-10,2406.0,60.3,2.0,60.0,37.2,50.2,37.1,53.2,2.18,True,1.012
1310520,loop,01302410020,241,一般国道２４１号,National Route 241,川上郡弟子屈町字奥春別,2021-10,1127.0,22.5,2.0,60.0,62.7,63.0,63.4,63.5,2.7,False,1.141
1310550,loop,01302430320,243,一般国道２４３号,National Route 243,根室市厚床2丁目,2021-10,1857.0,25.4,2.0,60.0,60.2,56.9,57.5,53.2,0.84,True,1.047
1310570,loop,01302720060,272,一般国道２７２号,National Route 272,野付郡別海町西春別,2021-10,3477.0,30.1,2.0,60.0,69.1,70.3,70.4,71.5,2.75,True,1.099
1310590,loop,01302740005,274,一般国道２７４号,National Route 274,札幌市東区北34条東2丁目,2021-10,49436.0,10.7,6.0,50.0,20.4,22.7,25.6,25.6,0.05,False,0.977
1310620,loop,01302750030,275,一般国道２７５号,National Route 275,札幌市東区東苗穂2条3丁目,2021-10,26043.0,11.5,4.0,50.0,23.1,17.4,26.2,21.0,0.2,False,0.958
1310660,loop,01303330130,333,一般国道３３３号,National Route 333,紋別郡遠軽町生田原旭野（旭野）,2021-10,4067.0,16.3,2.0,60.0,47.5,49.8,46.1,48.6,0.67,True,1.117
1310690,loop,01303910020,391,一般国道３９１号,National Route 391,釧路郡釧路町遠矢2丁目,2021-10,6087.0,17.7,2.0,60.0,55.5,56.3,55.6,57.6,0.11,True,1.001
1310700,loop,01304530040,453,一般国道４５３号,National Route 453,札幌市南区真駒内曙町1丁目,2021-10,21421.0,8.3,4.0,50.0,29.3,22.6,30.7,25.1,0.21,True,0.989
2110040,loop,07300040720,4,一般国道４号,National Route 4,福島市瀬ノ上町東町一丁目,2021-09,27256.0,16.3,4.0,50.0,30.4,40.3,32.4,39.7,0.83,False,1.038
2110060,loop,04300040230,4,一般国道４号,National Route 4,柴田郡柴田町大字四日市場字原前,2021-10,43396.0,17.0,4.0,60.0,34.9,45.5,47.5,47.9,0.52,True,0.97
2110065,loop,04300040370,4,一般国道４号,National Route 4,名取市増田字柳田,2021-10,45527.0,8.3,4.0,60.0,29.6,20.1,31.3,27.0,1.72,False,0.984
2110090,loop,04300040800,4,一般国道４号,National Route 4,大崎市古川荒谷字新町東,2021-10,22413.0,18.1,2.0,50.0,38.4,29.4,38.7,33.5,0.22,True,0.934
2110091,loop,04300040980,4,一般国道４号,National Route 4,栗原市金成字畑,2021-10,10491.0,29.0,2.0,50.0,47.7,49.7,48.2,50.0,1.78,True,0.9
2110092,loop,03300040030,4,一般国道４号,National Route 4,一関市山目字十二神,2021-10,15027.0,21.0,4.0,50.0,34.0,27.0,39.7,29.1,0.18,True,1.015
2110093,loop,03300040090,4,一般国道４号,National Route 4,西磐井郡平泉町平泉坂下,2021-10,15274.0,23.2,2.0,60.0,50.7,50.2,51.5,51.9,0.64,True,0.925
2110103,loop,03300040630,4,一般国道４号,National Route 4,盛岡市津志田２７地割,2021-10,35913.0,7.6,4.0,50.0,17.6,22.4,26.5,29.6,0.17,True,0.991
2110106,loop,03300040670,4,一般国道４号,National Route 4,盛岡市加賀野２丁目,2021-10,32123.0,8.5,4.0,50.0,19.4,31.0,30.3,35.4,0.11,True,0.957
2110110,loop,03300040730,4,一般国道４号,National Route 4,盛岡市下厨川鍋屋敷,2021-10,28171.0,8.7,4.0,60.0,51.9,51.7,55.4,55.1,1.11,True,0.987
2110120,loop,03300040940,4,一般国道４号,National Route 4,二戸郡一戸町鳥越駒木平,2021-10,12448.0,18.5,2.0,60.0,46.9,44.8,49.6,47.1,0.18,True,0.95
2110129,loop,02300040250,4,一般国道４号,National Route 4,十和田市大字三本木字野崎,2021-10,7942.0,15.0,2.0,60.0,45.7,39.8,46.5,41.4,0.95,True,0.948
2110140,loop,02300040610,4,一般国道４号,National Route 4,青森市大字浅虫字坂本,2021-10,15137.0,11.9,4.0,60.0,55.5,53.6,48.6,50.2,0.55,True,0.956
2110143,loop,03300040830,4,一般国道４号,National Route 4,岩手郡岩手町川口第５０地割,2021-10,14103.0,19.8,2.0,50.0,44.7,44.3,46.3,45.6,0.65,False,0.976
2110180,loop,04300060130,6,一般国道６号,National Route 6,亘理郡亘理町逢隈下郡字横捲,2021-10,15522.0,9.4,2.0,50.0,36.7,33.3,39.9,36.2,0.39,True,0.907
2110231,loop,02300070020,7,一般国道７号,National Route 7,平川市碇ヶ関大落前山,2021-10,5550.0,26.0,2.0,60.0,52.8,54.4,50.5,53.5,0.07,True,1.063
2110253,loop,02300070650,7,一般国道７号,National Route 7,青森市大字後萢字前橋,2021-10,11594.0,14.5,4.0,50.0,41.4,32.2,42.6,39.7,0.17,False,0.975
2110296,loop,07301150670,115,東北中央自動車道（相馬福島道路）,National Route 115,伊達市霊山町下小国,2021-09,6057.0,20.3,2.0,80.0,,,,,1.35,True,1.054
2110350,loop,04300450070,45,一般国道４５号,National Route 45,仙台市宮城野区扇町一丁目,2021-10,40858.0,12.6,4.0,50.0,17.2,20.1,30.4,27.4,0.4,True,0.984
2110352,loop,04300450850,45,一般国道４５号（三陸自動車道）,National Route 45,東松島市小松字明神下,2021-10,37582.0,17.7,4.0,100.0,88.3,90.9,89.5,90.6,0.23,True,0.99
2110354,loop,04300450885,45,一般国道４５号（三陸自動車道）,National Route 45,石巻市あけぼの三丁目,2021-10,30669.0,17.1,4.0,100.0,87.7,91.1,87.7,91.1,2.37,False,1.058
2110357,loop,04300450900,45,一般国道４５号（三陸自動車道）,National Route 45,石巻市小船越字沢田山,2021-10,23168.0,18.5,4.0,100.0,92.0,93.1,91.1,94.2,0.49,True,1.034
2110358,loop,04300450910,45,一般国道４５号（三陸自動車道）,National Route 45,石巻市桃生町倉埣字山居,2021-10,17422.0,22.1,2.0,70.0,75.4,79.4,75.1,80.3,0.71,True,1.027
2110361,loop,04300451200,45,一般国道４５号（三陸自動車道）,National Route 45,気仙沼市松崎北沢,2021-10,12242.0,19.9,2.0,70.0,76.3,77.9,77.0,81.6,2.62,False,1.042
2110364,loop,04300450960,45,一般国道４５号（三陸自動車道）,National Route 45,気仙沼市唐桑町舘,2021-10,8262.0,24.4,2.0,70.0,74.5,77.9,72.9,76.4,0.25,True,1.059
2110366,loop,04300450975,45,一般国道４５号（三陸自動車道）,National Route 45,登米市東和町米谷福平,2021-10,12010.0,18.9,2.0,70.0,78.0,72.8,78.8,73.6,0.67,True,0.964
2110371,loop,03300451010,45,一般国道４５号（三陸沿岸道路）,National Route 45,岩手県大船渡市盛町,2021-10,7186.0,17.3,2.0,70.0,78.4,79.6,76.7,78.0,0.5,True,0.944
2110372,loop,03300451020,45,一般国道４５号（三陸沿岸道路）,National Route 45,岩手県大船渡市立根町字猫足,2021-10,7165.0,21.4,2.0,70.0,82.0,80.5,82.1,81.8,2.48,True,1.001
2110373,loop,03300451030,45,一般国道４５号（三陸沿岸道路）,National Route 45,岩手県大船渡市三陸町越喜来字井戸洞,2021-10,9990.0,16.5,2.0,70.0,73.6,72.5,73.2,73.6,0.83,True,0.979
2110374,loop,03300451300,45,一般国道４５号（三陸沿岸道路）,National Route 45,岩手県陸前高田市高田町西和野,2021-10,7993.0,21.7,2.0,70.0,78.9,78.3,80.9,80.2,0.22,True,0.968
2110379,loop,03300451500,45,一般国道４５号（三陸沿岸道路）,National Route 45,岩手県大船渡市三陸町吉浜,2021-10,7427.0,19.6,2.0,70.0,77.8,81.5,74.6,79.1,2.1,True,1.022
2110380,loop,03300450249,45,一般国道４５号,National Route 45,岩手県釜石市両石町第４地割,2021-10,10500.0,8.2,2.0,50.0,49.9,46.6,51.7,48.4,2.05,True,0.937
2110381,loop,04300451000,45,一般国道４５号（三陸自動車道）,National Route 45,本吉郡南三陸町志津川熊田,2021-10,10663.0,20.4,2.0,70.0,79.2,76.5,78.2,77.8,0.64,True,0.988
2110382,loop,04300451010,45,一般国道４５号（三陸自動車道）,National Route 45,本吉郡南三陸町志津川蛇王,2021-10,11961.0,19.8,2.0,70.0,77.8,77.8,77.1,78.7,2.84,True,1.009
2110383,loop,03300451125,45,一般国道４５号（三陸沿岸道路）,National Route 45,岩手県釜石市鵜住居町,2021-10,12085.0,14.3,2.0,70.0,72.1,74.2,75.0,74.8,1.81,True,0.954
2110384,loop,04300451095,45,一般国道４５号（三陸自動車道）,National Route 45,気仙沼市本吉町石川原,2021-10,12501.0,19.9,2.0,70.0,85.3,84.8,85.0,86.7,1.98,False,1.025
2110401,loop,03300451720,45,一般国道４５号（三陸沿岸道路）,National Route 45,岩手県陸前高田市竹駒町相川地内,2021-10,6261.0,25.3,2.0,80.0,81.6,79.7,80.7,78.5,0.53,True,0.981
2110404,loop,02300450090,45,一般国道４５号,National Route 45,八戸市大字新井田字小久保尻,2021-10,28204.0,5.3,4.0,50.0,25.4,22.1,26.5,25.0,1.43,False,0.937
2110407,loop,02300450420,45,一般国道４５号（八戸南環状道路）,National Route 45,八戸市大字妙字蟹沢,2021-10,8373.0,11.1,2.0,60.0,74.0,77.0,78.0,79.7,1.34,True,1.012
2110408,loop,02300450200,45,一般国道４５号,National Route 45,八戸市大字市川町字和野前山,2021-10,20849.0,12.2,2.0,50.0,40.4,43.1,41.3,47.6,0.96,True,0.975
2110410,loop,02300450410,45,一般国道４５号（八戸南道路）,National Route 45,八戸市大字美保野,2021-10,9565.0,13.2,2.0,60.0,80.4,76.8,82.9,77.2,0.38,True,1.013
2110414,loop,03300460090,46,一般国道４６号,National Route 46,滝沢市大釜中道,2021-10,24178.0,11.8,4.0,60.0,39.5,43.6,42.8,47.4,0.16,True,1.01
2110415,loop,03300460114,46,一般国道４６号,National Route 46,岩手郡雫石町七ツ森,2021-10,12400.0,11.9,2.0,50.0,40.6,41.6,43.1,43.3,0.99,False,0.972
2110419,loop,03300451650,45,一般国道４５号（三陸沿岸道路）,National Route 45,岩手県釜石市両石町第4地割,2021-10,9225.0,15.1,2.0,70.0,75.3,77.5,76.4,78.6,0.52,True,0.987
2110421,loop,03300451670,45,一般国道４５号（三陸沿岸道路）,National Route 45,岩手県上閉伊郡大槌町大槌第23地割地内,2021-10,7018.0,19.3,4.0,80.0,86.1,85.1,86.4,85.9,0.36,True,1.026
2110422,loop,03300452010,45,一般国道４５号（三陸沿岸道路）,National Route 45,岩手県上閉伊郡大槌町大槌第14地割地内,2021-10,8363.0,16.4,2.0,80.0,81.8,80.5,82.6,80.5,0.19,True,0.987
2110445,loop,04300480070,48,一般国道４８号,National Route 48,仙台市青葉区栗生一丁目,2021-10,38825.0,10.0,4.0,60.0,40.9,33.6,49.8,48.1,0.49,True,1.015
2110477,loop,02301040055,104,一般国道１０４号,National Route 104,八戸市大字櫛引字上川原,2021-10,14541.0,7.7,2.0,50.0,25.9,42.8,39.0,45.4,0.07,True,0.994
2110478,loop,04301080100,108,一般国道１０８号,National Route 108,遠田郡涌谷町花勝山市道添,2021-10,7237.0,11.3,2.0,40.0,51.8,51.7,52.6,51.7,0.19,True,0.978
2110479,loop,04301080160,108,一般国道１０８号,National Route 108,遠田郡美里町南小牛田字礼,2021-10,10573.0,13.4,2.0,50.0,25.8,21.2,28.5,29.8,0.34,True,0.922
2110480,loop,04301080210,108,一般国道１０８号,National Route 108,大崎市古川李埣字東田,2021-10,15541.0,6.4,2.0,50.0,29.5,26.6,33.9,33.6,0.29,True,0.991
2110519,loop,03302830300,283,東北横断自動車道釜石秋田線,National Route 283,岩手県釜石市甲子町第8地割,2021-10,6412.0,15.4,2.0,80.0,80.6,81.1,81.3,81.9,0.47,True,0.911
2110520,loop,03302830230,283,東北横断自動車道釜石秋田線,National Route 283,岩手県釜石市甲子,2021-10,7432.0,15.4,2.0,70.0,74.5,73.2,75.5,73.0,2.83,False,0.875
2110542,loop,03302830280,283,東北横断自動車道釜石秋田線,National Route 283,岩手県遠野市上郷町来内１地割,2021-10,4761.0,20.5,2.0,80.0,80.9,82.5,81.3,82.7,2.71,True,0.955
2110552,loop,04300451670,45,一般国道４５号（三陸自動車道）,National Route 45,気仙沼市本吉町外尾,2021-10,9873.0,21.7,2.0,70.0,82.4,78.5,81.2,80.4,0.62,False,1.121
2110553,loop,04300451610,45,一般国道４５号（三陸自動車道）,National Route 45,気仙沼市本吉町府中,2021-10,13353.0,19.5,2.0,70.0,52.0,65.2,55.6,66.1,0.53,True,1.02
2110554,loop,04300451700,45,一般国道４５号（三陸自動車道）,National Route 45,気仙沼市唐桑町台の下,2021-10,7164.0,25.1,2.0,70.0,82.0,77.7,80.5,76.9,0.83,True,1.108
2110557,loop,04300451680,45,一般国道４５号（三陸自動車道）,National Route 45,気仙沼市本吉町風越,2021-10,8539.0,23.9,2.0,70.0,82.4,84.9,80.6,86.8,0.47,True,0.96
2110558,loop,04300451220,45,一般国道４５号（三陸自動車道）,National Route 45,気仙沼市松崎北沢,2021-10,8515.0,21.6,2.0,70.0,78.7,77.5,77.0,78.7,0.17,True,1.014
2120001,loop,02301010500,101,浪岡五所川原道路,National Route 101,青森市浪岡大字徳才子字山本,2021-10,12403.0,19.1,2.0,60.0,49.9,69.1,54.9,69.1,2.32,False,0.993
2120005,loop,02301010520,101,浪岡五所川原道路,National Route 101,五所川原市大字松野木字松本,2021-10,12042.0,13.8,2.0,60.0,72.3,74.1,72.3,74.8,2.99,True,1.003
2120010,loop,02301010530,101,浪岡五所川原道路,National Route 101,五所川原市大字金山字亀ケ岡,2021-10,8785.0,14.6,2.0,60.0,73.1,73.0,72.8,73.2,0.21,True,1.034
2120015,loop,02301010620,101,五所川原西バイパス,National Route 101,五所川原市大字長橋字広野,2021-10,6070.0,15.0,2.0,60.0,65.8,38.5,65.0,42.7,0.59,True,1.073
2312103,loop,07301150620,115,東北中央自動車道（相馬福島道路）,National Route 115,相馬市東玉野姥ヶ岩,2021-09,5946.0,19.6,2.0,80.0,81.7,78.9,79.2,78.1,0.74,True,1.037
3110010,loop,13300010300,1,一般国道１号,National Route 1,大田区西馬込2-30,2021-10,39978.0,11.1,6.0,60.0,24.0,20.1,28.8,21.9,0.04,False,0.948
3110020,loop,14300010320,1,一般国道１号,National Route 1,横浜市戸塚区原宿,2021-10,59051.0,15.7,4.0,50.0,10.7,14.1,22.3,22.4,0.68,True,0.976
3110030,loop,14300010570,1,一般国道１号,National Route 1,中郡大磯町東小磯２８６,2021-10,15126.0,6.1,2.0,40.0,27.1,24.8,26.8,26.3,0.14,True,1.01
3110140,loop,13300140140,14,一般国道１４号（京葉道路）,National Route 14,江戸川区大杉1-11,2021-10,39296.0,13.8,4.0,60.0,11.6,20.1,22.2,22.6,0.08,False,0.927
3110160,loop,13300150190,15,一般国道１５号,National Route 15,大田区東蒲田1-11,2021-10,42079.0,17.5,4.0,50.0,12.7,15.2,19.0,19.2,0.06,True,0.955
3110190,loop,14300160040,16,一般国道１６号,National Route 16,横須賀市三春町２丁目,2021-10,25273.0,5.4,4.0,40.0,21.3,22.1,21.6,20.3,0.06,True,0.982
3110200,loop,14300160130,16,一般国道１６号,National Route 16,横浜市金沢区富岡東６丁目,2021-10,19684.0,6.2,2.0,40.0,17.4,16.7,21.0,19.7,0.39,True,1.021
3110220,loop,14300160690,16,一般国道１６号,National Route 16,相模原市緑区西橋本１－２２,2021-10,42028.0,26.6,4.0,50.0,21.2,14.4,22.9,19.6,0.02,True,1.087
3110230,loop,14300160930,16,一般国道１６号,National Route 16,横浜市旭区今宿西町１７９,2021-10,15029.0,8.9,2.0,40.0,16.9,18.9,20.1,19.6,0.06,True,1.007
3110240,loop,11300160060,16,一般国道１６号,National Route 16,埼玉県入間市高倉5,2021-10,33786.0,30.3,4.0,50.0,26.4,23.6,30.5,27.1,0.22,True,1.009
3110270,loop,13300170270,17,一般国道１７号,National Route 17,板橋区舟渡1-9,2021-10,30638.0,18.4,6.0,60.0,13.8,19.1,19.7,21.1,0.42,True,0.94
3110280,loop,11300170020,17,一般国道１７号,National Route 17,埼玉県戸田市早瀬,2021-10,67913.0,28.6,7.0,60.0,51.3,29.0,59.6,46.4,0.36,True,0.989
3110290,loop,11300170380,17,一般国道１７号,National Route 17,埼玉県鴻巣市箕田4040,2021-10,42399.0,18.4,4.0,60.0,12.5,21.3,13.8,24.8,0.04,True,0.978
3110300,loop,11300171380,17,一般国道１７号,National Route 17,埼玉県深谷市幡羅町１,2021-10,14785.0,10.1,2.0,50.0,25.0,20.8,28.3,21.9,0.64,True,0.95
3110400,loop,13300200320,20,一般国道２０号,National Route 20,世田谷区南烏山6-16,2021-10,35801.0,9.8,4.0,50.0,9.8,21.5,20.0,23.9,0.09,False,0.979
3110410,loop,14300200050,20,一般国道２０号,National Route 20,相模原市緑区与瀬１３１７－１,2021-10,11847.0,11.9,2.0,40.0,28.8,34.5,33.6,34.9,0.04,True,0.987
3110420,loop,19300200130,20,一般国道２０号,National Route 20,大月市猿橋町殿上118,2021-10,17348.0,12.8,2.0,40.0,33.0,34.2,35.1,35.8,0.6,False,0.967
3110440,loop,19300200610,20,一般国道２０号,National Route 20,甲斐市竜王1060,2021-10,30575.0,11.6,4.0,50.0,32.0,38.1,45.0,44.5,0.05,True,0.988
3110460,loop,20300200250,20,一般国道２０号,National Route 20,諏訪郡下諏訪町東豊6366-4,2021-10,12941.0,5.6,2.0,40.0,26.6,18.2,31.5,23.6,0.16,False,0.994
3110630,loop,14302460370,246,一般国道２４６号,National Route 246,厚木市船子１１９４,2021-10,32488.0,11.7,4.0,40.0,24.5,10.9,27.5,18.7,0.08,True,0.907
3110640,loop,14302460510,246,一般国道２４６号,National Route 246,秦野市平沢,2021-10,20107.0,14.6,2.0,40.0,21.6,20.8,23.6,17.9,0.72,True,0.974
3110650,loop,22302460015,246,一般国道２４６号,National Route 246,駿東郡小山町小山,2021-10,15809.0,33.5,4.0,60.0,52.6,59.3,47.6,51.8,2.18,False,0.873
3310680,loop,14300010020,1,一般国道１号,National Route 1,川崎市幸区神明町１丁目４１,2021-10,37016.0,10.9,6.0,60.0,12.5,13.8,19.1,19.7,1.54,False,1.062
3310690,loop,14300010880,1,一般国道１号,National Route 1,横浜市神奈川区三ツ沢中町６,2021-10,29750.0,12.9,4.0,50.0,22.1,20.2,24.2,23.6,0.03,True,0.921
3310780,loop,13300150210,15,一般国道１５号,National Route 15,大田区仲六郷2-44,2021-10,34005.0,18.1,4.0,50.0,21.2,22.4,22.2,24.5,0.06,False,0.985
3310850,loop,19300200430,20,一般国道２０号,National Route 20,甲府市向町686,2021-10,39330.0,9.9,4.0,50.0,25.5,19.5,28.4,19.8,0.05,True,1.007
3310860,loop,19300200740,20,一般国道２０号,National Route 20,北杜市白州町上教来石3-1,2021-10,5688.0,33.5,2.0,50.0,50.0,48.5,48.7,48.5,2.6,True,0.945
3310880,loop,19300520440,52,一般国道５２号,National Route 52,南アルプス市戸田160-3,2021-10,9652.0,13.6,2.0,50.0,30.3,33.0,33.6,33.4,0.7,False,1.035
3310890,loop,13302460250,246,一般国道２４６号,National Route 246,世田谷区用賀2-1,2021-10,43868.0,11.4,6.0,60.0,12.6,21.2,17.5,25.8,0.11,True,0.984
3310900,loop,14302460020,246,一般国道２４６号,National Route 246,川崎市高津区溝口,2021-10,65394.0,15.4,4.0,60.0,27.2,26.3,42.3,37.8,0.87,True,0.998
4110010,loop,15300070120,7,一般国道７号,National Route 7,新潟市東区逢谷内,2021-10,73628.0,12.4,6.0,70.0,37.4,21.6,68.3,68.9,2.55,False,1.006
4110020,loop,15300070280,7,一般国道７号,National Route 7,新発田市小舟町1丁目,2021-10,22896.0,12.8,2.0,60.0,34.4,19.9,34.4,26.7,2.79,False,0.915
4110030,loop,15300070640,7,一般国道７号,National Route 7,村上市中浜,2021-10,5888.0,26.5,2.0,60.0,59.3,59.1,58.0,58.5,0.29,True,1.058
4110040,loop,15300080010,8,一般国道８号,National Route 8,新潟市中央区紫竹山6丁目,2021-10,112876.0,12.6,6.0,70.0,58.0,24.2,63.7,57.2,0.38,True,0.949
4110060,loop,15300080260,8,一般国道８号,National Route 8,見附市坂井町,2021-10,17689.0,21.8,4.0,60.0,35.0,34.3,33.8,35.1,0.32,True,0.941
4110070,loop,15300080410,8,一般国道８号,National Route 8,長岡市関原町,2021-10,18192.0,8.8,4.0,60.0,33.6,36.1,34.4,36.5,0.68,True,0.984
4110130,loop,16300080780,8,一般国道８号,National Route 8,高岡市石瀬,2021-10,36242.0,16.3,4.0,60.0,44.0,63.5,67.5,66.4,0.63,True,0.968
4110140,loop,16300081050,8,一般国道８号,National Route 8,小矢部市安楽寺,2021-10,16724.0,25.0,2.0,40.0,38.7,46.6,40.2,45.5,1.32,True,1.025
4110150,loop,17300080180,8,一般国道８号,National Route 8,金沢市西念,2021-10,69496.0,13.9,4.0,60.0,46.2,54.6,57.3,58.0,1.55,False,1.007
4110160,loop,17300080600,8,一般国道８号,National Route 8,小松市二ツ梨,2021-10,23330.0,21.7,2.0,60.0,61.1,59.3,62.8,60.1,0.49,False,0.997
4110170,loop,17300080690,8,一般国道８号,National Route 8,加賀市熊坂町庄司谷,2021-10,18154.0,24.6,4.0,60.0,45.5,47.2,43.3,47.1,2.5,True,0.953
4110200,loop,15300170160,17,一般国道１７号,National Route 17,南魚沼市六日町,2021-10,15241.0,14.7,2.0,60.0,27.0,24.5,25.6,24.1,1.28,True,0.894
4110220,loop,15300180010,18,一般国道１８号,National Route 18,妙高市関川,2021-10,5469.0,23.1,2.0,60.0,55.3,48.8,54.2,46.7,0.83,False,0.946
4110230,loop,16300410100,41,一般国道４１号,National Route 41,富山市上大久保,2021-10,12183.0,8.2,2.0,50.0,22.5,29.6,26.5,28.7,0.39,True,1.008
4110240,loop,16300410220,41,一般国道４１号,National Route 41,富山市花園町二丁目,2021-10,28201.0,5.5,6.0,50.0,19.9,18.0,25.8,20.6,0.55,False,0.978
4110270,loop,15301160190,116,一般国道１１６号,National Route 116,長岡市寺泊硲田,2021-10,8243.0,25.1,2.0,60.0,60.4,56.9,58.5,56.0,0.37,False,0.92
4110280,loop,16301560220,156,一般国道１５６号,National Route 156,砺波市十年明,2021-10,19485.0,4.5,4.0,50.0,30.7,31.3,30.6,31.9,0.25,False,0.946
4110290,loop,17301570130,157,一般国道１５７号,National Route 157,白山市橋爪町,2021-10,23205.0,10.9,4.0,60.0,39.3,52.3,46.0,53.0,0.64,False,0.992
4110330,loop,16304700015,470,一般国道４７０号（能越自動車道）,National Route 470,氷見市中谷内,2021-10,9638.0,15.1,2.0,80.0,78.7,78.0,78.5,77.3,0.25,True,1.089
4110340,loop,16304700040,470,一般国道４７０号（能越自動車道）,National Route 470,高岡市五十里,2021-10,14266.0,37.8,2.0,80.0,73.7,73.7,75.2,74.1,2.47,False,1.078
4110380,loop,15300490110,49,一般国道４９号,National Route 49,東蒲原郡阿賀町取上,2021-10,8223.0,15.1,2.0,60.0,53.9,52.5,50.2,50.4,0.34,True,0.904
4110390,loop,15300490350,49,一般国道４９号,National Route 49,東蒲原郡阿賀町黒岩,2021-10,7421.0,18.4,2.0,50.0,57.6,58.4,56.9,58.4,0.39,True,0.968
4110440,loop,16304700020,470,一般国道４７０号（能越自動車道）,National Route 470,氷見市神代,2021-10,10556.0,14.5,2.0,80.0,78.5,74.0,77.7,75.3,0.45,True,1.076
4110470,loop,16300081200,8,一般国道８号,National Route 8,魚津市仏田,2021-10,20619.0,15.0,2.0,60.0,39.8,53.4,59.3,55.9,0.87,True,0.959
4110480,loop,15300081140,8,一般国道８号,National Route 8,新潟市南区能登,2021-10,15600.0,18.5,2.0,60.0,28.9,29.8,37.3,33.3,0.33,False,0.958
4110490,loop,15300081130,8,一般国道８号,National Route 8,新潟市南区七軒,2021-10,13744.0,17.9,2.0,60.0,41.0,32.7,43.0,34.8,0.34,True,0.994
4110880,loop,15300080840,8,一般国道８号,National Route 8,上越市国府,2021-10,13930.0,16.9,2.0,60.0,40.5,51.2,39.6,50.7,0.54,True,0.878
4310012,loop,15300070680,7,一般国道７号,National Route 7,新潟市中央区万代島3,2021-10,18942.0,5.0,4.0,60.0,24.5,19.6,27.7,19.4,0.15,True,0.96
4310060,loop,15300080070,8,一般国道８号,National Route 8,新潟市西区善久,2021-10,30069.0,11.2,4.0,60.0,20.5,12.3,22.3,21.0,0.48,True,1.001
4310070,loop,15300080730,8,一般国道８号,National Route 8,上越市大潟区渋柿浜,2021-10,18627.0,18.4,2.0,60.0,32.7,33.8,32.6,34.1,0.49,True,0.926
4310080,loop,15300080820,8,一般国道８号,National Route 8,上越市五智国分,2021-10,21868.0,13.3,4.0,60.0,24.0,28.9,28.7,28.3,1.72,False,0.88
4310100,loop,15300080980,8,一般国道８号,National Route 8,糸魚川市横町,2021-10,14578.0,16.5,4.0,60.0,58.2,52.1,58.0,53.8,2.27,True,0.915
4310110,loop,15300081110,8,一般国道８号,National Route 8,糸魚川市田伏,2021-10,6928.0,5.2,2.0,60.0,38.8,43.2,43.9,43.9,0.38,False,0.892
4310160,loop,16300080990,8,一般国道８号,National Route 8,小矢部市芹川,2021-10,9250.0,14.3,2.0,50.0,38.1,32.4,39.1,32.4,1.02,False,0.904
4310210,loop,17300080240,8,一般国道８号,National Route 8,金沢市森戸1丁目,2021-10,54471.0,14.6,5.0,60.0,19.6,12.5,35.6,25.5,0.55,False,1.004
4310220,loop,17300080380,8,一般国道８号,National Route 8,白山市宮丸町,2021-10,47490.0,14.9,4.0,60.0,34.2,31.8,42.9,43.0,0.36,True,0.995
4310230,loop,17300080510,8,一般国道８号,National Route 8,能美市大長野町,2021-10,34598.0,17.8,4.0,60.0,74.4,71.5,72.6,71.9,0.61,False,1.023
4310300,loop,15300180260,18,一般国道１８号,National Route 18,上越市大日,2021-10,44582.0,11.6,4.0,70.0,65.5,66.3,67.7,66.5,0.14,False,0.967
4310310,loop,16300410020,41,一般国道４１号,National Route 41,富山市猪谷,2021-10,5233.0,26.6,2.0,50.0,50.0,53.8,47.3,52.4,1.89,True,1.019
4310320,loop,16300410340,41,一般国道４１号,National Route 41,富山市庵谷,2021-10,5159.0,25.5,2.0,50.0,61.5,65.7,61.1,62.3,1.37,True,1.049
4310330,loop,16300410150,41,一般国道４１号,National Route 41,富山市小中,2021-10,19494.0,10.4,4.0,50.0,28.8,32.3,31.5,32.3,0.25,True,1.007
4310350,loop,15300490280,49,一般国道４９号,National Route 49,新潟市江南区城所,2021-10,32408.0,13.1,4.0,60.0,40.5,35.3,45.6,50.1,0.47,True,1.051
4310370,loop,15301160270,116,一般国道１１６号,National Route 116,燕市吉田下中野,2021-10,15876.0,18.4,2.0,60.0,23.2,24.0,34.4,27.6,1.95,False,0.997
4310380,loop,15301160320,116,一般国道１１６号,National Route 116,新潟市西蒲区赤鏥,2021-10,13492.0,23.4,2.0,60.0,37.7,42.0,40.2,41.4,1.56,True,0.95
4310420,loop,17301590225,159,一般国道１５９号,National Route 159,宝達志水町上田出,2021-10,4572.0,8.7,2.0,60.0,48.3,49.4,50.9,50.5,0.27,True,1.104
4310441,loop,17301590420,159,一般国道１５９号,National Route 159,金沢市小坂町,2021-10,32729.0,8.2,4.0,60.0,18.2,74.9,68.6,73.3,2.34,False,0.998
4310450,loop,17301590430,159,一般国道１５９号,National Route 159,金沢市東長江,2021-10,39442.0,5.9,4.0,60.0,69.8,62.4,69.4,65.3,1.29,False,1.127
4310470,loop,16301600130,160,一般国道１６０号,National Route 160,高岡市東海老坂大坪,2021-10,30901.0,9.3,4.0,60.0,41.1,32.4,46.8,43.2,0.79,True,0.967
5110109,loop,22300010070,1,一般国道１号,National Route 1,三島市谷田,2021-10,18323.0,14.6,2.0,50.0,20.6,20.4,26.1,23.6,2.08,True,0.931
5110111,loop,22300010110,1,一般国道１号,National Route 1,三島市玉川,2021-10,40184.0,8.8,4.0,60.0,17.4,9.8,25.6,19.2,0.29,True,0.989
5110120,loop,22300010290,1,一般国道１号,National Route 1,静岡市清水区興津東町,2021-10,58087.0,24.2,4.0,60.0,67.8,65.5,67.7,67.9,0.32,True,0.927
5110125,loop,22300011250,1,一般国道１号,National Route 1,静岡市駿河区国吉田,2021-10,34033.0,8.0,4.0,60.0,21.5,26.9,25.0,28.8,1.73,True,1.04
5110130,loop,22300010440,1,一般国道１号（静清ＢＰ）,National Route 1,静岡市葵区大岩4丁目,2021-10,67590.0,22.6,4.0,60.0,65.9,61.7,69.8,66.7,0.13,True,1.02
5110135,loop,22300010520,1,一般国道１号,National Route 1,静岡市駿河区丸子二軒屋,2021-10,64185.0,20.7,4.0,60.0,35.4,38.0,46.3,47.0,2.74,True,0.984
5110148,loop,22300010800,1,一般国道１号（磐田ＢＰ）,National Route 1,磐田市見付,2021-10,77364.0,18.1,4.0,60.0,52.1,51.9,69.5,68.1,0.51,True,0.996
5110160,loop,22300011030,1,一般国道１号（潮見ＢＰ）,National Route 1,湖西市白須賀元町,2021-10,31051.0,33.5,2.0,60.0,44.5,61.4,55.7,60.8,2.1,True,0.963
5110170,loop,23300010150,1,一般国道１号,National Route 1,豊川市小坂井町北浦,2021-10,34968.0,17.0,4.0,50.0,18.9,30.5,24.0,31.8,0.38,True,1.018
5110250,loop,23303020580,302,一般国道３０２号,National Route 302,春日井市中野町１丁目,2021-10,36128.0,17.5,4.0,50.0,28.8,24.8,33.7,30.3,0.07,True,0.921
5111910,loop,23300190300,19,一般国道１９号,National Route 19,春日井市瑞穂通７丁目,2021-10,55121.0,18.3,6.0,60.0,17.4,20.2,21.8,23.7,0.12,True,0.978
5111920,loop,21300190010,19,一般国道１９号,National Route 19,多治見市富士見町,2021-10,36686.0,18.0,4.0,60.0,45.5,31.5,45.7,47.0,1.82,True,0.94
5111930,loop,21300190130,19,一般国道１９号,National Route 19,土岐市泉町河合,2021-10,31664.0,16.5,4.0,60.0,58.7,60.4,58.3,60.4,1.62,True,0.926
5111940,loop,21300190360,19,一般国道１９号,National Route 19,中津川市千旦林,2021-10,45223.0,15.0,4.0,60.0,20.8,47.9,56.9,55.0,1.35,True,0.923
5112240,loop,21300220030,22,一般国道２２号,National Route 22,羽島郡岐南町伏屋2丁目,2021-10,49212.0,15.3,6.0,60.0,28.6,12.9,34.1,22.6,0.72,False,0.965
5112320,loop,23300230430,23,一般国道２３号,National Route 23,安城市福釜町尾山,2021-10,80227.0,28.8,4.0,60.0,51.2,36.9,66.4,62.5,0.19,True,0.988
5112325,loop,23300230520,23,一般国道２３号,National Route 23,刈谷市築地町向島,2021-10,99687.0,26.9,4.0,60.0,29.3,47.5,56.3,57.2,0.12,True,0.96
5112340,loop,23300230820,23,一般国道２３号,National Route 23,弥富市富島２丁目,2021-10,47844.0,42.8,4.0,60.0,31.7,38.5,30.8,35.3,0.1,True,0.925
5112350,loop,24300230100,23,一般国道２３号,National Route 23,三重郡川越町高松,2021-10,50841.0,33.4,4.0,50.0,30.6,31.7,33.1,34.6,0.71,False,0.968
5112355,loop,24300230340,23,一般国道２３号,National Route 23,津市栗真中山町,2021-10,46576.0,8.1,4.0,60.0,20.2,14.1,29.0,28.0,0.48,True,0.913
5112360,loop,24300230570,23,一般国道２３号,National Route 23,多気郡明和町大淀,2021-10,29382.0,8.7,4.0,60.0,47.4,38.3,48.0,41.3,0.77,False,0.992
5112375,loop,24300230790,23,一般国道２３号（中勢ＢＰ）,National Route 23,津市河辺町,2021-10,28109.0,15.1,2.0,60.0,23.4,16.9,31.8,36.0,0.53,True,0.973
5112550,loop,24300250070,25,一般国道２５号（名阪国道）,National Route 25,伊賀市柘植町,2021-10,47396.0,43.8,4.0,70.0,74.2,81.3,77.6,79.9,0.87,True,1.019
5112590,loop,24300250190,25,一般国道２５号（名阪国道）,National Route 25,伊賀市治田,2021-10,44603.0,47.3,4.0,70.0,80.2,80.0,80.8,81.3,0.87,True,0.985
5113890,loop,22301380190,138,一般国道１３８号,National Route 138,御殿場市仁杉,2021-10,14600.0,13.5,3.0,60.0,73.6,71.3,74.3,74.8,0.28,False,0.938
5113920,loop,22301390290,139,一般国道１３９号（西富士道路）,National Route 139,富士市天間,2021-10,38763.0,18.0,4.0,80.0,75.5,68.4,74.8,63.1,0.86,True,1.006
5114110,loop,23300410250,41,一般国道４１号,National Route 41,小牧市下小針中島１丁目,2021-10,44760.0,22.4,6.0,60.0,30.3,10.7,29.1,22.3,0.65,True,0.958
5114130,loop,21300410650,41,一般国道４１号,National Route 41,加茂郡川辺町石神,2021-10,14002.0,19.0,2.0,50.0,63.8,63.4,64.6,63.9,1.85,False,0.982
5114140,loop,21300410300,41,一般国道４１号,National Route 41,下呂市小川字島尻,2021-10,12187.0,17.5,2.0,60.0,43.7,46.0,47.0,48.8,0.72,True,0.935
5114150,loop,21300410320,41,一般国道４１号,National Route 41,下呂市萩原町上村字松ヶ瀬,2021-10,12507.0,15.6,2.0,60.0,27.4,28.3,32.7,31.6,2.51,True,0.97
5114160,loop,21300410790,41,一般国道４１号,National Route 41,高山市久々野町山梨字向畑,2021-10,8692.0,15.0,2.0,60.0,55.9,57.8,58.1,60.7,1.18,True,0.944
5114180,loop,21300410580,41,一般国道４１号,National Route 41,飛騨市神岡町谷字下巾,2021-10,4094.0,35.7,2.0,50.0,49.5,53.7,46.4,50.6,0.75,True,0.9
5114210,loop,24300420290,42,一般国道４２号,National Route 42,松阪市八太町,2021-10,19934.0,8.6,2.0,50.0,30.0,28.4,40.3,36.7,0.58,False,0.969
5114270,loop,24300420550,42,一般国道４２号,National Route 42,度会郡大紀町大内山,2021-10,3896.0,14.4,2.0,50.0,54.4,55.2,53.3,53.4,2.97,True,0.866
5114290,loop,24300420800,42,一般国道４２号,National Route 42,熊野市有馬町,2021-10,13818.0,8.5,2.0,50.0,39.4,45.6,41.5,46.5,2.27,True,0.891
5114680,loop,14302460660,246,一般国道２４６号,National Route 246,足柄上郡山北町川西,2021-10,15351.0,31.9,2.0,40.0,38.7,47.9,33.3,48.0,2.31,False,0.9
5115250,loop,22300520020,52,一般国道５２号,National Route 52,静岡市清水区小河内,2021-10,5125.0,25.9,2.0,50.0,50.7,50.3,49.4,48.8,1.65,True,0.886
5115320,loop,23301530200,153,一般国道１５３号,National Route 153,愛知郡東郷町和合新濁池,2021-10,39075.0,10.7,4.0,60.0,14.3,30.3,24.1,31.8,0.99,False,0.954
5115610,loop,21301560020,156,一般国道１５６号,National Route 156,羽島郡岐南町上印食５丁目,2021-10,52514.0,9.7,6.0,60.0,16.3,28.3,22.2,36.6,0.55,False,1.003
5115630,loop,21301560260,156,一般国道１５６号,National Route 156,郡上市八幡町稲成,2021-10,13333.0,13.9,2.0,50.0,40.1,37.3,39.8,34.8,0.41,True,0.913
5311910,loop,23300010850,1,一般国道１号,National Route 1,名古屋市中川区昭和橋通6丁目,2021-10,36630.0,14.6,4.0,60.0,14.9,16.3,23.7,21.3,0.05,True,0.968
6110010,loop,25300010050,1,一般国道１号,National Route 1,甲賀市土山町頓宮,2021-10,15270.0,23.8,2.0,50.0,31.5,32.2,35.8,35.9,1.37,True,0.911
6110020,loop,25300010470,1,一般国道１号,National Route 1,湖南市朝国,2021-10,21783.0,16.7,2.0,50.0,15.7,15.7,15.4,18.4,0.45,True,1.001
6110040,loop,25300010600,1,一般国道１号,National Route 1,大津市瀬田,2021-10,16622.0,10.5,2.0,50.0,19.6,28.4,26.9,36.8,2.19,True,0.998
6110060,loop,25300010450,1,一般国道１号,National Route 1,大津市横木,2021-10,67268.0,13.2,6.0,50.0,31.0,30.7,41.8,31.7,0.05,True,0.999
6110070,loop,26300010030,1,一般国道１号,National Route 1,京都市山科区音羽前田町,2021-10,50021.0,13.9,4.0,50.0,26.2,18.9,32.2,25.0,0.13,True,0.994
6110080,loop,26300010350,1,一般国道１号,National Route 1,京都市伏見区向島上五反田町,2021-10,53011.0,24.8,4.0,60.0,20.1,46.2,54.2,56.9,0.22,True,1.003
6110090,loop,27300010080,1,一般国道１号,National Route 1,枚方市菊丘町1097,2021-10,64106.0,24.4,4.0,50.0,13.7,29.5,29.7,34.8,0.59,False,0.963
6110110,loop,28300020010,2,一般国道２号,National Route 2,尼崎市杭瀬北新町３丁目,2021-10,31869.0,11.6,4.0,50.0,20.2,25.1,27.7,27.2,0.24,False,0.982
6110120,loop,28300020570,2,一般国道２号,National Route 2,神戸市須磨区一ノ谷町５丁目,2021-10,29022.0,12.9,4.0,50.0,18.2,23.7,36.8,40.3,0.59,True,1.018
6110130,loop,28300021430,2,一般国道２号,National Route 2,加古川市加古川町溝ノ口,2021-10,82098.0,25.0,4.0,60.0,58.4,18.0,66.2,46.5,1.65,False,0.974
6110140,loop,28300021640,2,一般国道２号,National Route 2,揖保郡太子町山田,2021-10,81603.0,22.5,4.0,70.0,24.6,70.4,70.0,75.3,0.67,False,0.97
6110150,loop,28300021680,2,一般国道２号,National Route 2,たつの市誉田町福田,2021-10,55549.0,24.4,4.0,70.0,64.5,75.9,72.8,76.7,0.63,False,1.013
6110210,loop,25300080450,8,一般国道８号,National Route 8,彦根市東沼波町,2021-10,21722.0,16.0,2.0,50.0,13.2,17.4,14.4,20.5,0.3,True,0.927
6110220,loop,25300080720,8,一般国道８号,National Route 8,近江八幡市安土町石寺,2021-10,21914.0,19.7,2.0,50.0,28.8,35.4,33.3,39.2,0.48,True,0.999
6110230,loop,25300080860,8,一般国道８号,National Route 8,野洲市三上,2021-10,21748.0,17.9,2.0,50.0,32.0,11.5,35.3,28.3,0.33,True,1.051
6110240,loop,26300090150,9,一般国道９号,National Route 9,京都市西京区大枝沓掛町１３,2021-10,43516.0,13.8,4.0,50.0,25.8,25.4,30.3,29.2,0.21,True,0.933
6110250,loop,26300090620,9,一般国道９号,National Route 9,福知山市南岡町,2021-10,34054.0,10.3,4.0,50.0,32.3,25.1,31.9,26.8,0.14,True,0.876
6110260,loop,28300090040,9,一般国道９号,National Route 9,朝来市和田山町玉置,2021-10,8917.0,11.8,2.0,50.0,38.5,41.1,40.4,43.2,0.42,True,0.87
6110270,loop,28300090120,9,一般国道９号,National Route 9,養父市上野,2021-10,7729.0,12.0,2.0,50.0,49.9,49.5,48.2,48.4,1.57,True,0.902
6110290,loop,25300210010,21,一般国道２１号,National Route 21,米原市柏原,2021-10,9128.0,34.7,2.0,50.0,52.9,49.5,52.0,50.3,1.42,True,0.883
6110300,loop,26300240150,24,一般国道２４号,National Route 24,京都市伏見区桃陵町,2021-10,20354.0,8.3,3.0,40.0,27.1,35.7,32.4,36.9,0.14,False,1.047
6110310,loop,29300240040,24,一般国道２４号,National Route 24,奈良市法蓮町,2021-10,44395.0,13.8,4.0,60.0,56.9,13.5,59.7,30.3,0.51,True,0.978
6110330,loop,30300240415,24,一般国道２４号,National Route 24,和歌山市田屋,2020-10,30795.0,7.8,4.0,60.0,52.7,42.1,59.5,62.2,0.24,True,1.061
6110340,loop,27300260110,26,一般国道２６号,National Route 26,堺市堺区戎島町4,2021-10,34289.0,16.5,4.0,60.0,5.2,22.7,17.0,24.4,1.24,False,0.986
6110361,loop,30300260200,26,一般国道２６号（和歌山岬道路）,National Route 26,和歌山市平井（和歌山岬トンネル～平井ランプ間）,2021-10,17931.0,15.4,2.0,60.0,65.8,63.1,65.9,71.5,0.9,True,0.945
6110380,loop,26300270010,27,一般国道２７号,National Route 27,舞鶴市吉坂,2021-10,10938.0,18.3,2.0,50.0,51.5,52.9,51.3,54.7,0.49,True,0.897
6110390,loop,26300270250,27,一般国道２７号,National Route 27,綾部市味方町アミダジ,2021-10,10940.0,17.2,2.0,50.0,26.4,30.1,38.0,37.7,0.2,True,0.898
6110410,loop,28300290100,29,一般国道２９号,National Route 29,宍粟市山崎町須賀沢,2021-10,14195.0,13.1,2.0,60.0,37.7,45.3,35.4,38.6,0.88,True,0.992
6110460,loop,25301610070,161,一般国道１６１号,National Route 161,高島市今津町酒波,2021-10,11067.0,27.3,2.0,60.0,66.5,66.3,66.6,67.2,1.72,True,1.053
6110470,loop,25301610370,161,一般国道１６１号,National Route 161,大津市大物,2021-10,19273.0,18.8,2.0,60.0,62.4,63.4,62.5,65.5,1.08,False,1.029
6110540,loop,28301750010,175,一般国道１７５号,National Route 175,神戸市西区玉津町小山,2021-10,29629.0,13.3,4.0,50.0,15.3,23.0,24.5,26.1,0.45,True,0.919
6110700,loop,29300241110,24,一般国道２４号（京奈和自動車道）,National Route 24,五條市岡町,2021-10,20204.0,18.4,2.0,70.0,67.8,70.3,69.0,72.6,0.26,True,0.991
6110710,loop,29300241120,24,一般国道２４号（京奈和自動車道）,National Route 24,五條市釜窪町,2021-10,21228.0,16.3,2.0,70.0,69.4,69.6,71.0,71.9,0.09,True,0.953
6110720,loop,29300241130,24,一般国道２４号（京奈和自動車道）,National Route 24,五條市釜窪町,2021-10,19368.0,16.2,2.0,70.0,69.1,70.8,70.2,72.7,0.53,True,0.963
6110730,loop,30300240550,24,一般国道２４号（京奈和自動車道）,National Route 24,橋本市隅田町垂井（橋本東IC～橋本IC間）,2021-10,18330.0,17.5,2.0,70.0,72.6,71.5,73.8,72.5,0.74,True,0.946
6110740,loop,30300240560,24,一般国道２４号（京奈和自動車道）,National Route 24,橋本市市脇（橋本IC～高野口IC間）,2021-10,23140.0,15.4,2.0,70.0,70.6,67.6,72.6,71.6,0.52,False,0.929
6110750,loop,30300240620,24,一般国道２４号（京奈和自動車道）,National Route 24,伊都郡かつらぎ町丁ノ町（高野口IC～紀北かつらぎIC間）,2021-10,23428.0,18.3,2.0,70.0,69.6,72.9,71.6,75.5,0.6,False,0.916
6110760,loop,30300240635,24,一般国道２４号（京奈和自動車道）,National Route 24,伊都郡かつらぎ町大藪(紀北かつらぎIC～かつらぎ西IC間),2021-10,22997.0,19.5,2.0,70.0,68.1,69.8,72.1,73.4,0.39,False,0.906
6110765,loop,30300240650,24,一般国道２４号（京奈和自動車道）,National Route 24,紀の川市上丹生谷(かつらぎ西IC～紀の川東IC間),2021-10,23509.0,19.8,2.0,70.0,65.1,67.2,69.8,71.0,0.61,True,0.901
6110780,loop,30300240660,24,一般国道２４号（京奈和自動車道）,National Route 24,紀の川市東毛(紀の川東IC～紀の川IC間),2021-10,23665.0,20.5,2.0,70.0,68.7,69.5,72.3,72.6,0.41,False,0.929
6110980,loop,28304830080,483,一般国道４８３号（北近畿豊岡道）,National Route 483,朝来市山東町柿坪,2021-10,6361.0,24.0,2.0,70.0,77.1,78.1,77.8,78.3,0.42,True,1.075
6111100,loop,30300240670,24,一般国道２４号（京奈和自動車道）,National Route 24,紀の川市神領(紀の川IC～岩出IC間),2021-10,19261.0,19.8,2.0,70.0,70.4,71.6,71.7,72.3,0.66,False,0.901
7110040,loop,33300020570,2,一般国道２号,National Route 2,浅口郡里庄町大字里見3121番地1,2021-10,24363.0,30.3,2.0,50.0,22.3,31.0,32.6,37.2,0.09,True,0.878
7110240,loop,33301800150,180,一般国道１８０号,National Route 180,総社市窪木1014番地,2021-10,12556.0,14.7,2.0,40.0,23.7,33.7,26.3,36.6,0.03,True,0.951
7110290,loop,35301910330,191,一般国道１９１号,National Route 191,長門市東深川,2021-09,15547.0,3.9,4.0,60.0,28.5,32.6,29.0,30.2,0.09,True,1.003
7310120,loop,32300090810,9,一般国道９号,National Route 9,江津市黒松町,2021-09,7496.0,22.5,2.0,60.0,57.9,59.1,58.6,59.1,1.72,False,1.11
7310130,loop,31300290185,29,一般国道２９号,National Route 29,八頭郡八頭町郡家,2021-10,15156.0,4.3,2.0,50.0,24.0,20.8,29.6,28.7,1.31,False,0.954
7310170,loop,33301800220,180,一般国道１８０号,National Route 180,総社市宍粟675番地1,2021-10,15255.0,12.5,2.0,50.0,34.4,41.4,40.5,44.8,0.88,True,0.878
7310200,loop,31300091130,9,一般国道９号（駟馳山バイパス）,National Route 9,鳥取市福部町細川,2021-10,16807.0,10.1,2.0,70.0,70.3,67.4,72.1,70.5,0.92,True,0.939
8110040,loop,37300111010,11,一般国道１１号,National Route 11,三豊市高瀬町下勝間,2021-10,17611.0,14.7,2.0,50.0,22.6,27.9,27.1,31.3,0.35,True,1.013
8110050,loop,38300110279,11,一般国道１１号,National Route 11,西条市福武甲459-1,2021-10,19040.0,11.8,2.0,50.0,21.5,22.1,28.8,29.1,0.05,True,0.955
8110060,loop,38300110410,11,一般国道１１号,National Route 11,西条市丹原千原丁184-21,2021-10,13151.0,27.4,2.0,50.0,50.6,45.3,49.8,48.0,0.9,False,0.945
8110070,loop,37300320050,32,一般国道３２号,National Route 32,高松市西山崎町,2021-10,22034.0,8.7,4.0,60.0,27.8,35.1,39.5,36.8,0.89,True,0.992
8110080,loop,37300320345,32,一般国道３２号,National Route 32,三豊市財田町財田上,2021-10,4465.0,20.8,2.0,50.0,46.3,45.2,44.6,44.2,0.9,True,1.078
8110090,loop,36300320070,32,一般国道３２号,National Route 32,徳島県三好市井川町西井川298地先,2021-10,20681.0,11.1,4.0,50.0,29.0,29.6,34.7,38.2,1.44,True,0.909
8110100,loop,36300320140,32,一般国道３２号,National Route 32,徳島県三好市山城町重実,2021-10,5083.0,20.5,2.0,50.0,50.3,51.3,50.0,49.6,1.64,False,0.925
8110110,loop,39300320220,32,一般国道３２号,National Route 32,南国市岡豊町江村,2021-10,16331.0,18.4,4.0,60.0,45.2,48.8,51.5,53.6,0.05,True,0.979
8110115,loop,39300330340,33,一般国道３３号（高知西バイパス）,National Route 33,吾川郡いの町枝川,2021-10,15108.0,8.5,2.0,60.0,61.2,18.3,63.7,63.6,1.26,True,1.131
8110120,loop,39300330160,33,一般国道３３号,National Route 33,吾川郡いの町波川,2021-10,19493.0,9.5,2.0,50.0,23.8,22.3,47.0,49.2,0.59,True,0.95
8110130,loop,38300330165,33,一般国道３３号,National Route 33,伊予郡砥部町宮内1404-7,2021-10,18996.0,6.3,4.0,60.0,35.5,35.9,36.4,35.1,0.5,False,0.971
8110140,loop,36300550490,55,一般国道５５号,National Route 55,徳島県海部郡海陽町浅川粟浦口94-6地先,2021-10,6281.0,8.6,2.0,50.0,56.4,54.9,55.2,54.4,2.41,True,0.912
8110142,loop,36300550800,55,一般国道５５号（日和佐道路）,National Route 55,徳島県海部郡美波町北河内登り地先,2021-10,7547.0,10.7,2.0,70.0,70.5,72.8,69.9,71.6,2.83,True,0.941
8110161,loop,39300550440,55,一般国道５５号（南国安芸道路）,National Route 55,安芸郡芸西村西分,2021-10,12716.0,10.1,2.0,70.0,54.5,12.2,57.4,41.4,1.83,True,1.111
8110162,loop,39300550470,55,一般国道５５号（南国安芸道路）,National Route 55,香南市野市町土居,2021-10,15673.0,9.0,2.0,70.0,43.0,65.4,48.2,66.2,1.57,False,1.1
8110170,loop,39300560240,56,一般国道５６号,National Route 56,土佐市甲原,2021-10,13454.0,13.2,2.0,50.0,37.5,42.2,42.7,43.4,0.88,True,0.949
8110171,loop,39300560820,56,一般国道５６号（須崎道路）,National Route 56,須崎市潮田町,2021-10,6913.0,12.3,2.0,70.0,77.4,79.0,78.8,79.5,0.07,True,1.028
8110172,loop,39300560900,56,一般国道５６号（須崎道路）,National Route 56,須崎市池ノ内,2021-10,5567.0,13.4,2.0,70.0,78.1,79.7,78.9,78.5,0.51,True,1.042
8110190,loop,39300560770,56,一般国道５６号,National Route 56,宿毛市野地,2021-10,4187.0,13.1,2.0,50.0,50.9,54.7,51.4,55.2,1.3,True,0.995
8110210,loop,38300560910,56,一般国道５６号,National Route 56,松山市保免西3丁目12-15,2021-10,36513.0,4.7,4.0,60.0,28.9,23.3,33.1,28.0,0.02,True,0.918
8110231,loop,36301920795,192,一般国道１９２号（徳島南環状道路）,National Route 192,徳島市上八万町広田地先,2021-10,15052.0,8.9,2.0,60.0,57.4,23.8,57.7,53.8,0.72,True,0.99
8110240,loop,38301960170,196,一般国道１９６号,National Route 196,今治市菊間町浜3347,2021-10,11502.0,14.7,2.0,40.0,53.3,49.8,52.4,52.6,0.45,True,1.028
8110250,loop,38301960320,196,一般国道１９６号,National Route 196,西条市北条1463-1,2021-10,12995.0,11.9,2.0,50.0,27.3,39.7,32.5,40.0,0.1,True,1.013
8310010,loop,36300110170,11,一般国道１１号,National Route 11,徳島県板野郡松茂町中喜来中瀬西ノ越2-10地先,2021-10,38266.0,11.4,6.0,60.0,45.8,56.6,53.3,55.1,0.09,True,0.909
8310020,loop,37300110330,11,一般国道１１号,National Route 11,高松市牟礼町大町,2021-10,18189.0,13.2,2.0,50.0,29.2,31.9,41.0,40.1,0.56,True,0.959
8310030,loop,38300110510,11,一般国道１１号,National Route 11,東温市志津川1760-1,2021-10,23090.0,7.0,4.0,60.0,33.9,39.5,37.7,44.7,1.44,True,0.989
8310040,loop,37300320160,32,一般国道３２号,National Route 32,丸亀市綾歌町栗熊東,2021-10,29684.0,13.1,4.0,60.0,40.1,36.2,38.5,39.3,1.54,True,0.974
8310050,loop,39300320020,32,一般国道３２号,National Route 32,長岡郡大豊町東土居,2021-10,2556.0,36.8,2.0,50.0,53.3,53.3,51.8,52.4,0.31,True,0.87
8310070,loop,36300550080,55,一般国道５５号,National Route 55,徳島県小松島市中郷町露ヶ本54-1地先,2021-10,44628.0,7.4,4.0,60.0,9.8,32.9,29.2,39.8,0.14,True,0.966
8310080,loop,36300550140,55,一般国道５５号,National Route 55,徳島県小松島市坂野町竹のはな地先,2021-10,26082.0,9.8,4.0,60.0,26.3,46.2,39.9,48.0,0.11,True,0.968
8310100,loop,39300560565,56,一般国道５６号,National Route 56,黒潮町浮鞭,2021-10,10400.0,12.3,2.0,50.0,,,,,0.89,True,0.956
8310110,loop,38300560440,56,一般国道５６号,National Route 56,西予市宇和町大江,2021-10,9735.0,15.1,2.0,50.0,41.2,42.8,41.5,42.7,0.45,True,0.936
8310130,loop,38300560570,56,一般国道５６号,National Route 56,大洲市新谷,2021-10,14928.0,14.8,2.0,50.0,31.4,36.0,35.8,37.2,1.09,True,0.976
8310160,loop,38301960070,196,一般国道１９６号,National Route 196,松山市平田町乙322-1,2021-10,21017.0,6.2,4.0,60.0,27.1,42.1,33.7,43.6,0.44,True,0.995
9110040,loop,43300030470,3,一般国道３号,National Route 3,八代郡氷川町野津,2021-10,20850.0,20.1,2.0,40.0,36.0,31.2,37.1,36.4,0.76,True,0.971
9110060,loop,46300030185,3,一般国道３号,National Route 3,薩摩川内市水引町,2021-10,14278.0,22.8,2.0,50.0,40.4,39.0,43.1,42.8,1.65,True,0.899
9110230,loop,44300570250,57,一般国道５７号,National Route 57,竹田市大字穴井迫字庄屋,2021-10,5735.0,23.1,2.0,50.0,54.1,55.5,53.0,54.2,0.53,True,0.988
9310015,loop,40300031390,3,一般国道３号,National Route 3,筑紫野市原田,2021-10,47569.0,27.1,4.0,60.0,58.7,58.2,59.0,56.8,1.32,True,1.01
9310017,loop,40300031420,3,一般国道３号,National Route 3,久留米市小森野7丁目,2021-09,20879.0,14.2,2.0,50.0,23.7,14.8,28.2,22.4,1.7,False,0.938
9310045,loop,46300030010,3,一般国道３号,National Route 3,出水市境町,2021-10,11899.0,15.7,2.0,50.0,50.2,50.9,50.9,51.3,1.72,True,0.966
9310085,loop,44300100070,10,一般国道１０号,National Route 10,宇佐市南敷田,2021-10,20072.0,14.7,4.0,60.0,43.7,35.3,44.0,34.2,0.55,False,0.96
9310140,loop,43300570330,57,一般国道５７号,National Route 57,熊本市東区下南部,2021-10,43811.0,11.3,4.0,50.0,25.7,10.3,26.4,25.6,0.45,False,1.029
9310156,loop,42300570150,57,一般国道５７号,National Route 57,雲仙市千々石町戊,2021-10,14860.0,8.1,2.0,50.0,32.2,34.4,35.3,36.6,1.02,True,1.023
9310157,loop,44300570280,57,一般国道５７号,National Route 57,豊後大野市犬飼町下津尾,2021-10,13924.0,15.6,2.0,70.0,71.1,70.2,74.1,72.3,1.38,True,0.987
9310159,loop,44300570335,57,一般国道５７号,National Route 57,豊後大野市朝地町上尾塚,2021-10,6283.0,21.6,2.0,80.0,83.5,76.2,81.7,76.7,0.82,True,1.03
9310188,loop,40302100100,210,一般国道２１０号,National Route 210,久留米市田主丸,2021-10,12815.0,14.9,2.0,50.0,39.2,36.1,40.2,37.3,2.11,False,1.0
9310189,loop,42302050090,205,一般国道２０５号,National Route 205,東彼杵郡川棚町小串郷,2021-10,17311.0,12.8,2.0,50.0,33.0,33.8,38.8,38.1,0.98,True,0.976
9310217,loop,46302200140,220,一般国道２２０号,National Route 220,曽於郡大崎町永吉,2021-10,9667.0,12.6,2.0,50.0,44.4,45.4,45.2,46.0,2.16,True,0.943
9310218,loop,46302260340,226,一般国道２２６号,National Route 226,鹿児島市喜入中名町,2021-10,13193.0,10.4,2.0,40.0,31.5,33.3,37.8,36.3,1.56,False,0.969
9310219,loop,46302240020,224,一般国道２２４号,National Route 224,鹿児島市野尻町,2021-10,4568.0,11.1,2.0,50.0,47.0,46.1,44.9,45.1,0.52,True,1.033
9310480,loop,43300031060,3,一般国道３号（芦北出水道路）,National Route 3,水俣市大迫,2021-10,10348.0,25.3,2.0,70.0,77.7,77.2,76.1,77.9,0.98,True,0.882
9310600,loop,46300030790,3,一般国道３号,National Route 3,薩摩川内市小倉町,2021-10,6684.0,26.9,2.0,70.0,43.5,66.3,48.4,66.8,0.95,True,0.899
9310730,loop,42304970105,497,一般国道４９７号(伊万里松浦道路),National Route 497,松浦市調川町平尾免,2021-10,8841.0,14.7,2.0,80.0,74.4,72.6,72.5,73.4,1.34,True,0.922
9360340,loop,45300100980,10,一般国道１０号,National Route 10,延岡市小野町,2021-10,12775.0,17.0,2.0,70.0,74.4,73.7,75.8,76.8,0.63,True,1.068
9360470,loop,45302180330,218,一般国道２１８号,National Route 218,延岡市北方町蔵田,2021-10,7122.0,13.6,2.0,80.0,74.4,74.3,73.9,73.5,0.37,True,1.077
10110090,loop,47305060040,506,一般国道５０６号,National Route 506,豊見城市金良,2021-10,44407.0,9.2,4.0,80.0,81.0,78.4,83.3,80.4,0.27,True,1.031
