municipality_code,prefecture,municipality,municipality_kana,municipality_en
01100,北海道,札幌市,サッポロシ,Sapporo-shi
01101,北海道,札幌市中央区,サッポロシチュウオウク,Sapporo-shi Chuo-ku
01102,北海道,札幌市北区,サッポロシキタク,Sapporo-shi Kita-ku
01103,北海道,札幌市東区,サッポロシヒガシク,Sapporo-shi Higashi-ku
01104,北海道,札幌市白石区,サッポロシシロイシク,Sapporo-shi Shiroishi-ku
01105,北海道,札幌市豊平区,サッポロシトヨヒラク,Sapporo-shi Toyohira-ku
01106,北海道,札幌市南区,サッポロシミナミク,Sapporo-shi Minami-ku
01107,北海道,札幌市西区,サッポロシニシク,Sapporo-shi Nishi-ku
01108,北海道,札幌市厚別区,サッポロシアツベツク,Sapporo-shi Atsubetsu-ku
01109,北海道,札幌市手稲区,サッポロシテイネク,Sapporo-shi Teine-ku
01110,北海道,札幌市清田区,サッポロシキヨタク,Sapporo-shi Kiyota-ku
01202,北海道,函館市,ハコダテシ,Hakodate-shi
01203,北海道,小樽市,オタルシ,Otaru-shi
01204,北海道,旭川市,アサヒカワシ,Asahikawa-shi
01205,北海道,室蘭市,ムロランシ,Muroran-shi
01206,北海道,釧路市,クシロシ,Kushiro-shi
01207,北海道,帯広市,オビヒロシ,Obihiro-shi
01208,北海道,北見市,キタミシ,Kitami-shi
01209,北海道,夕張市,ユウバリシ,Yubari-shi
01210,北海道,岩見沢市,イワミザワシ,Iwamizawa-shi
01211,北海道,網走市,アバシリシ,Abashiri-shi
01212,北海道,留萌市,ルモイシ,Rumoi-shi
01213,北海道,苫小牧市,トマコマイシ,Tomakomai-shi
01214,北海道,稚内市,ワッカナイシ,Wakkanai-shi
01215,北海道,美唄市,ビバイシ,Bibai-shi
01216,北海道,芦別市,アシベツシ,Ashibetsu-shi
01217,北海道,江別市,エベツシ,Ebetsu-shi
01218,北海道,赤平市,アカビラシ,Akabira-shi
01219,北海道,紋別市,モンベツシ,Monbetsu-shi
01220,北海道,士別市,シベツシ,Shibetsu-shi
01221,北海道,名寄市,ナヨロシ,Nayoro-shi
01222,北海道,三笠市,ミカサシ,Mikasa-shi
01223,北海道,根室市,ネムロシ,Nemuro-shi
01224,北海道,千歳市,チトセシ,Chitose-shi
01225,北海道,滝川市,タキカワシ,Takikawa-shi
01226,北海道,砂川市,スナガワシ,Sunagawa-shi
01227,北海道,歌志内市,ウタシナイシ,Utashinai-shi
01228,北海道,深川市,フカガワシ,Fukagawa-shi
01229,北海道,富良野市,フラノシ,Furano-shi
01230,北海道,登別市,ノボリベツシ,Noboribetsu-shi
01231,北海道,恵庭市,エニワシ,Eniwa-shi
01233,北海道,伊達市,ダテシ,Date-shi
01234,北海道,北広島市,キタヒロシマシ,Kitahiroshima-shi
01235,北海道,石狩市,イシカリシ,Ishikari-shi
01236,北海道,北斗市,ホクトシ,Hokuto-shi
01303,北海道,当別町,トウベツチョウ,Tobetsu-cho
01304,北海道,新篠津村,シンシノツムラ,Shinshinotsu-mura
01331,北海道,松前町,マツマエチョウ,Matsumae-cho
01332,北海道,福島町,フクシマチョウ,Fukushima-cho
01333,北海道,知内町,シリウチチョウ,Shiriuchi-cho
01334,北海道,木古内町,キコナイチョウ,Kikonai-cho
01337,北海道,七飯町,ナナエチョウ,Nanae-cho
01343,北海道,鹿部町,シカベチョウ,Shikabe-cho
01345,北海道,森町,モリマチ,Mori-machi
01346,北海道,八雲町,ヤクモチョウ,Yakumo-cho
01347,北海道,長万部町,オシャマンベチョウ,Oshamambe-cho
01361,北海道,江差町,エサシチョウ,Esashi-cho
01362,北海道,上ノ国町,カミノクニチョウ,Kaminokuni-cho
01363,北海道,厚沢部町,アッサブチョウ,Assabu-cho
01364,北海道,乙部町,オトベチョウ,Otobe-cho
01367,北海道,奥尻町,オクシリチョウ,Okushiri-cho
01370,北海道,今金町,イマカネチョウ,Imakane-cho
01371,北海道,せたな町,セタナチョウ,Setana-cho
01391,北海道,島牧村,シママキムラ,Shimamaki-mura
01392,北海道,寿都町,スッツチョウ,Suttsu-cho
01393,北海道,黒松内町,クロマツナイチョウ,Kuromatsunai-cho
01394,北海道,蘭越町,ランコシチョウ,Rankoshi-cho
01395,北海道,ニセコ町,ニセコチョウ,Niseko-cho
01396,北海道,真狩村,マッカリムラ,Makkari-mura
01397,北海道,留寿都村,ルスツムラ,Rusutsu-mura
01398,北海道,喜茂別町,キモベツチョウ,Kimobetsu-cho
01399,北海道,京極町,キョウゴクチョウ,Kyogoku-cho
01400,北海道,倶知安町,クッチャンチョウ,Kutchan-cho
01401,北海道,共和町,キョウワチョウ,Kyowa-cho
01402,北海道,岩内町,イワナイチョウ,Iwanai-cho
01403,北海道,泊村,トマリムラ,Tomari-mura
01404,北海道,神恵内村,カモエナイムラ,Kamoenai-mura
01405,北海道,積丹町,シャコタンチョウ,Shakotan-cho
01406,北海道,古平町,フルビラチョウ,Furubira-cho
01407,北海道,仁木町,ニキチョウ,Niki-cho
01408,北海道,余市町,ヨイチチョウ,Yoichi-cho
01409,北海道,赤井川村,アカイガワムラ,Akaigawa-mura
01423,北海道,南幌町,ナンポロチョウ,Nanporo-cho
01424,北海道,奈井江町,ナイエチョウ,Naie-cho
01425,北海道,上砂川町,カミスナガワチョウ,Kamisunagawa-cho
01427,北海道,由仁町,ユニチョウ,Yuni-cho
01428,北海道,長沼町,ナガヌマチョウ,Naganuma-cho
01429,北海道,栗山町,クリヤマチョウ,Kuriyama-cho
01430,北海道,月形町,ツキガタチョウ,Tsukigata-cho
01431,北海道,浦臼町,ウラウスチョウ,Urausu-cho
01432,北海道,新十津川町,シントツカワチョウ,Shintotsukawa-cho
01433,北海道,妹背牛町,モセウシチョウ,Moseushi-cho
01434,北海道,秩父別町,チップベツチョウ,Chippubetsu-cho
01436,北海道,雨竜町,ウリュウチョウ,Uryu-cho
01437,北海道,北竜町,ホクリュウチョウ,Hokuryu-cho
01438,北海道,沼田町,ヌマタチョウ,Numata-cho
01452,北海道,鷹栖町,タカスチョウ,Takasu-cho
01453,北海道,東神楽町,ヒガシカグラチョウ,Higashikagura-cho
01454,北海道,当麻町,トウマチョウ,Toma-cho
01455,北海道,比布町,ピップチョウ,Pippu-cho
01456,北海道,愛別町,アイベツチョウ,Aibetsu-cho
01457,北海道,上川町,カミカワチョウ,Kamikawa-cho
01458,北海道,東川町,ヒガシカワチョウ,Higashikawa-cho
01459,北海道,美瑛町,ビエイチョウ,Biei-cho
01460,北海道,上富良野町,カミフラノチョウ,Kamifurano-cho
01461,北海道,中富良野町,ナカフラノチョウ,Nakafurano-cho
01462,北海道,南富良野町,ミナミフラノチョウ,Minamifurano-cho
01463,北海道,占冠村,シムカップムラ,Shimukappu-mura
01464,北海道,和寒町,ワッサムチョウ,Wassamu-cho
01465,北海道,剣淵町,ケンブチチョウ,Kenbuchi-cho
01468,北海道,下川町,シモカワチョウ,Shimokawa-cho
01469,北海道,美深町,ビフカチョウ,Bifuka-cho
01470,北海道,音威子府村,オトイネップムラ,Otoineppu-mura
01471,北海道,中川町,ナカガワチョウ,Nakagawa-cho
01472,北海道,幌加内町,ホロカナイチョウ,Horokanai-cho
01481,北海道,増毛町,マシケチョウ,Mashike-cho
01482,北海道,小平町,オビラチョウ,Obira-cho
01483,北海道,苫前町,トママエチョウ,Tomamae-cho
01484,北海道,羽幌町,ハボロチョウ,Haboro-cho
01485,北海道,初山別村,ショサンベツムラ,Shosanbetsu-mura
01486,北海道,遠別町,エンベツチョウ,Embetsu-cho
01487,北海道,天塩町,テシオチョウ,Teshio-cho
01511,北海道,猿払村,サルフツムラ,Sarufutsu-mura
01512,北海道,浜頓別町,ハマトンベツチョウ,Hamatonbetsu-cho
01513,北海道,中頓別町,ナカトンベツチョウ,Nakatonbetsu-cho
01514,北海道,枝幸町,エサシチョウ,Esashi-cho
01516,北海道,豊富町,トヨトミチョウ,Toyotomi-cho
01517,北海道,礼文町,レブンチョウ,Rebun-cho
01518,北海道,利尻町,リシリチョウ,Rishiri-cho
01519,北海道,利尻富士町,リシリフジチョウ,Rishirifuji-cho
01520,北海道,幌延町,ホロノベチョウ,Horonobe-cho
01543,北海道,美幌町,ビホロチョウ,Bihoro-cho
01544,北海道,津別町,ツベツチョウ,Tsubetsu-cho
01545,北海道,斜里町,シャリチョウ,Shari-cho
01546,北海道,清里町,キヨサトチョウ,Kiyosato-cho
01547,北海道,小清水町,コシミズチョウ,Koshimizu-cho
01549,北海道,訓子府町,クンネップチョウ,Kunneppu-cho
01550,北海道,置戸町,オケトチョウ,Oketo-cho
01552,北海道,佐呂間町,サロマチョウ,Saroma-cho
01555,北海道,遠軽町,エンガルチョウ,Engaru-cho
01559,北海道,湧別町,ユウベツチョウ,Yubetsu-cho
01560,北海道,滝上町,タキノウエチョウ,Takinoue-cho
01561,北海道,興部町,オコッペチョウ,Okoppe-cho
01562,北海道,西興部村,ニシオコッペムラ,Nishiokoppe-mura
01563,北海道,雄武町,オウムチョウ,Omu-cho
01564,北海道,大空町,オオゾラチョウ,Ozora-cho
01571,北海道,豊浦町,トヨウラチョウ,Toyoura-cho
01575,北海道,壮瞥町,ソウベツチョウ,Sobetsu-cho
01578,北海道,白老町,シラオイチョウ,Shiraoi-cho
01581,北海道,厚真町,アツマチョウ,Atsuma-cho
01584,北海道,洞爺湖町,トウヤコチョウ,Toyako-cho
01585,北海道,安平町,アビラチョウ,Abira-cho
01586,北海道,むかわ町,ムカワチョウ,Mukawa-cho
01601,北海道,日高町,ヒダカチョウ,Hidaka-cho
01602,北海道,平取町,ビラトリチョウ,Biratori-cho
01604,北海道,新冠町,ニイカップチョウ,Niikappu-cho
01607,北海道,浦河町,ウラカワチョウ,Urakawa-cho
01608,北海道,様似町,サマニチョウ,Samani-cho
01609,北海道,えりも町,エリモチョウ,Erimo-cho
01610,北海道,新ひだか町,シンヒダカチョウ,Shinhidaka-cho
01631,北海道,音更町,オトフケチョウ,Otofuke-cho
01632,北海道,士幌町,シホロチョウ,Shihoro-cho
01633,北海道,上士幌町,カミシホロチョウ,Kamishihoro-cho
01634,北海道,鹿追町,シカオイチョウ,Shikaoi-cho
01635,北海道,新得町,シントクチョウ,Shintoku-cho
01636,北海道,清水町,シミズチョウ,Shimizu-cho
01637,北海道,芽室町,メムロチョウ,Memuro-cho
01638,北海道,中札内村,ナカサツナイムラ,Nakasatsunai-mura
01639,北海道,更別村,サラベツムラ,Sarabetsu-mura
01641,北海道,大樹町,タイキチョウ,Taiki-cho
01642,北海道,広尾町,ヒロオチョウ,Hiroo-cho
01643,北海道,幕別町,マクベツチョウ,Makubetsu-cho
01644,北海道,池田町,イケダチョウ,Ikeda-cho
01645,北海道,豊頃町,トヨコロチョウ,Toyokoro-cho
01646,北海道,本別町,ホンベツチョウ,Hombetsu-cho
01647,北海道,足寄町,アショロチョウ,Ashoro-cho
01648,北海道,陸別町,リクベツチョウ,Rikubetsu-cho
01649,北海道,浦幌町,ウラホロチョウ,Urahoro-cho
01661,北海道,釧路町,クシロチョウ,Kushiro-cho
01662,北海道,厚岸町,アッケシチョウ,Akkeshi-cho
01663,北海道,浜中町,ハマナカチョウ,Hamanaka-cho
01664,北海道,標茶町,シベチャチョウ,Shibecha-cho
01665,北海道,弟子屈町,テシカガチョウ,Teshikaga-cho
01667,北海道,鶴居村,ツルイムラ,Tsurui-mura
01668,北海道,白糠町,シラヌカチョウ,Shiranuka-cho
01691,北海道,別海町,ベツカイチョウ,Betsukai-cho
01692,北海道,中標津町,ナカシベツチョウ,Nakashibetsu-cho
01693,北海道,標津町,シベツチョウ,Shibetsu-cho
01694,北海道,羅臼町,ラウスチョウ,Rausu-cho
01695,北海道,色丹村,シコタンムラ,Shikotan-mura
01696,北海道,泊村,トマリムラ,Tomari-mura
01697,北海道,留夜別村,ルヤベツムラ,Ruyobetsu-mura
01698,北海道,留別村,ルベツムラ,Rubetsu-mura
01699,北海道,紗那村,シャナムラ,Shana-mura
01700,北海道,蘂取村,シベトロムラ,Shibetoro-mura
02201,青森県,青森市,アオモリシ,Aomori-shi
02202,青森県,弘前市,ヒロサキシ,Hirosaki-shi
02203,青森県,八戸市,ハチノヘシ,Hachinohe-shi
02204,青森県,黒石市,クロイシシ,Kuroishi-shi
02205,青森県,五所川原市,ゴショガワラシ,Goshogawara-shi
02206,青森県,十和田市,トワダシ,Towada-shi
02207,青森県,三沢市,ミサワシ,Misawa-shi
02208,青森県,むつ市,ムツシ,Mutsu-shi
02209,青森県,つがる市,ツガルシ,Tsugaru-shi
02210,青森県,平川市,ヒラカワシ,Hirakawa-shi
02301,青森県,平内町,ヒラナイマチ,Hiranai-machi
02303,青森県,今別町,イマベツマチ,Imabetsu-machi
02304,青森県,蓬田村,ヨモギタムラ,Yomogita-mura
02307,青森県,外ヶ浜町,ソトガハママチ,Sotogahama-machi
02321,青森県,鰺ヶ沢町,アジガサワマチ,Ajigasawa-machi
02323,青森県,深浦町,フカウラマチ,Fukaura-machi
02343,青森県,西目屋村,ニシメヤムラ,Nishimeya-mura
02361,青森県,藤崎町,フジサキマチ,Fujisaki-machi
02362,青森県,大鰐町,オオワニマチ,Owani-machi
02367,青森県,田舎館村,イナカダテムラ,Inakadate-mura
02381,青森県,板柳町,イタヤナギマチ,Itayanagi-machi
02384,青森県,鶴田町,ツルタマチ,Tsuruta-machi
02387,青森県,中泊町,ナカドマリマチ,Nakadomari-machi
02401,青森県,野辺地町,ノヘジマチ,Noheji-machi
02402,青森県,七戸町,シチノヘマチ,Shichinohe-machi
02405,青森県,六戸町,ロクノヘマチ,Rokunohe-machi
02406,青森県,横浜町,ヨコハママチ,Yokohama-machi
02408,青森県,東北町,トウホクマチ,Tohoku-machi
02411,青森県,六ヶ所村,ロッカショムラ,Rokkasho-mura
02412,青森県,おいらせ町,オイラセチョウ,Oirase-cho
02423,青森県,大間町,オオママチ,Oma-machi
02424,青森県,東通村,ヒガシドオリムラ,Higashidori-mura
02425,青森県,風間浦村,カザマウラムラ,Kazamaura-mura
02426,青森県,佐井村,サイムラ,Sai-mura
02441,青森県,三戸町,サンノヘマチ,Sannohe-machi
02442,青森県,五戸町,ゴノヘマチ,Gonohe-machi
02443,青森県,田子町,タッコマチ,Takko-machi
02445,青森県,南部町,ナンブチョウ,Nanbu-cho
02446,青森県,階上町,ハシカミチョウ,Hashikami-cho
02450,青森県,新郷村,シンゴウムラ,Shingo-mura
03201,岩手県,盛岡市,モリオカシ,Morioka-shi
03202,岩手県,宮古市,ミヤコシ,Miyako-shi
03203,岩手県,大船渡市,オオフナトシ,Ofunato-shi
03205,岩手県,花巻市,ハナマキシ,Hanamaki-shi
03206,岩手県,北上市,キタカミシ,Kitakami-shi
03207,岩手県,久慈市,クジシ,Kuji-shi
03208,岩手県,遠野市,トオノシ,Tono-shi
03209,岩手県,一関市,イチノセキシ,Ichinoseki-shi
03210,岩手県,陸前高田市,リクゼンタカタシ,Rikuzentakata-shi
03211,岩手県,釜石市,カマイシシ,Kamaishi-shi
03213,岩手県,二戸市,ニノヘシ,Ninohe-shi
03214,岩手県,八幡平市,ハチマンタイシ,Hachimantai-shi
03215,岩手県,奥州市,オウシュウシ,Oshu-shi
03216,岩手県,滝沢市,タキザワシ,Takizawa-shi
03301,岩手県,雫石町,シズクイシチョウ,Shizukuishi-cho
03302,岩手県,葛巻町,クズマキマチ,Kuzumaki-machi
03303,岩手県,岩手町,イワテマチ,Iwate-machi
03321,岩手県,紫波町,シワチョウ,Shiwa-cho
03322,岩手県,矢巾町,ヤハバチョウ,Yahaba-cho
03366,岩手県,西和賀町,ニシワガマチ,Nishiwaga-machi
03381,岩手県,金ケ崎町,カネガサキチョウ,Kanegasaki-cho
03402,岩手県,平泉町,ヒライズミチョウ,Hiraizumi-cho
03441,岩手県,住田町,スミタチョウ,Sumita-cho
03461,岩手県,大槌町,オオツチチョウ,Otsuchi-cho
03482,岩手県,山田町,ヤマダマチ,Yamada-machi
03483,岩手県,岩泉町,イワイズミチョウ,Iwaizumi-cho
03484,岩手県,田野畑村,タノハタムラ,Tanohata-mura
03485,岩手県,普代村,フダイムラ,Fudai-mura
03501,岩手県,軽米町,カルマイマチ,Karumai-machi
03503,岩手県,野田村,ノダムラ,Noda-mura
03506,岩手県,九戸村,クノヘムラ,Kunohe-mura
03507,岩手県,洋野町,ヒロノチョウ,Hirono-cho
03524,岩手県,一戸町,イチノヘマチ,Ichinohe-machi
04100,宮城県,仙台市,センダイシ,Sendai-shi
04101,宮城県,仙台市青葉区,センダイシアオバク,Sendai-shi Aoba-ku
04102,宮城県,仙台市宮城野区,センダイシミヤギノク,Sendai-shi Miyagino-ku
04103,宮城県,仙台市若林区,センダイシワカバヤシク,Sendai-shi Wakabayashi-ku
04104,宮城県,仙台市太白区,センダイシタイハクク,Sendai-shi Taihaku-ku
04105,宮城県,仙台市泉区,センダイシイズミク,Sendai-shi Izumi-ku
04202,宮城県,石巻市,イシノマキシ,Ishinomaki-shi
04203,宮城県,塩竈市,シオガマシ,Shiogama-shi
04205,宮城県,気仙沼市,ケセンヌマシ,Kesennuma-shi
04206,宮城県,白石市,シロイシシ,Shiroishi-shi
04207,宮城県,名取市,ナトリシ,Natori-shi
04208,宮城県,角田市,カクダシ,Kakuda-shi
04209,宮城県,多賀城市,タガジョウシ,Tagajo-shi
04211,宮城県,岩沼市,イワヌマシ,Iwanuma-shi
04212,宮城県,登米市,トメシ,Tome-shi
04213,宮城県,栗原市,クリハラシ,Kurihara-shi
04214,宮城県,東松島市,ヒガシマツシマシ,Higashimatsushima-shi
04215,宮城県,大崎市,オオサキシ,Osaki-shi
04216,宮城県,富谷市,トミヤシ,Tomiya-shi
04301,宮城県,蔵王町,ザオウマチ,Zao-machi
04302,宮城県,七ヶ宿町,シチカシュクマチ,Shichikashuku-machi
04321,宮城県,大河原町,オオガワラマチ,Ogawara-machi
04322,宮城県,村田町,ムラタマチ,Murata-machi
04323,宮城県,柴田町,シバタマチ,Shibata-machi
04324,宮城県,川崎町,カワサキマチ,Kawasaki-machi
04341,宮城県,丸森町,マルモリマチ,Marumori-machi
04361,宮城県,亘理町,ワタリチョウ,Watari-cho
04362,宮城県,山元町,ヤマモトチョウ,Yamamoto-cho
04401,宮城県,松島町,マツシママチ,Matsushima-machi
04404,宮城県,七ヶ浜町,シチガハママチ,Shichigahama-machi
04406,宮城県,利府町,リフチョウ,Rifu-cho
04421,宮城県,大和町,タイワチョウ,Taiwa-cho
04422,宮城県,大郷町,オオサトチョウ,Osato-cho
04424,宮城県,大衡村,オオヒラムラ,Ohira-mura
04444,宮城県,色麻町,シカマチョウ,Shikama-cho
04445,宮城県,加美町,カミマチ,Kami-machi
04501,宮城県,涌谷町,ワクヤチョウ,Wakuya-cho
04505,宮城県,美里町,ミサトマチ,Misato-machi
04581,宮城県,女川町,オナガワチョウ,Onagawa-cho
04606,宮城県,南三陸町,ミナミサンリクチョウ,Minamisanriku-cho
05201,秋田県,秋田市,アキタシ,Akita-shi
05202,秋田県,能代市,ノシロシ,Noshiro-shi
05203,秋田県,横手市,ヨコテシ,Yokote-shi
05204,秋田県,大館市,オオダテシ,Odate-shi
05206,秋田県,男鹿市,オガシ,Oga-shi
05207,秋田県,湯沢市,ユザワシ,Yuzawa-shi
05209,秋田県,鹿角市,カヅノシ,Kazuno-shi
05210,秋田県,由利本荘市,ユリホンジョウシ,Yurihonjo-shi
05211,秋田県,潟上市,カタガミシ,Katagami-shi
05212,秋田県,大仙市,ダイセンシ,Daisen-shi
05213,秋田県,北秋田市,キタアキタシ,Kitaakita-shi
05214,秋田県,にかほ市,ニカホシ,Nikaho-shi
05215,秋田県,仙北市,センボクシ,Semboku-shi
05303,秋田県,小坂町,コサカマチ,Kosaka-machi
05327,秋田県,上小阿仁村,カミコアニムラ,Kamikoani-mura
05346,秋田県,藤里町,フジサトマチ,Fujisato-machi
05348,秋田県,三種町,ミタネチョウ,Mitane-cho
05349,秋田県,八峰町,ハッポウチョウ,Happo-cho
05361,秋田県,五城目町,ゴジョウメマチ,Gojome-machi
05363,秋田県,八郎潟町,ハチロウガタマチ,Hachirogata-machi
05366,秋田県,井川町,イカワマチ,Ikawa-machi
05368,秋田県,大潟村,オオガタムラ,Ogata-mura
05434,秋田県,美郷町,ミサトチョウ,Misato-cho
05463,秋田県,羽後町,ウゴマチ,Ugo-machi
05464,秋田県,東成瀬村,ヒガシナルセムラ,Higashinaruse-mura
06201,山形県,山形市,ヤマガタシ,Yamagata-shi
06202,山形県,米沢市,ヨネザワシ,Yonezawa-shi
06203,山形県,鶴岡市,ツルオカシ,Tsuruoka-shi
06204,山形県,酒田市,サカタシ,Sakata-shi
06205,山形県,新庄市,シンジョウシ,Shinjo-shi
06206,山形県,寒河江市,サガエシ,Sagae-shi
06207,山形県,上山市,カミノヤマシ,Kaminoyama-shi
06208,山形県,村山市,ムラヤマシ,Murayama-shi
06209,山形県,長井市,ナガイシ,Nagai-shi
06210,山形県,天童市,テンドウシ,Tendo-shi
06211,山形県,東根市,ヒガシネシ,Higashine-shi
06212,山形県,尾花沢市,オバナザワシ,Obanazawa-shi
06213,山形県,南陽市,ナンヨウシ,Nanyo-shi
06301,山形県,山辺町,ヤマノベマチ,Yamanobe-machi
06302,山形県,中山町,ナカヤママチ,Nakayama-machi
06321,山形県,河北町,カホクチョウ,Kahoku-cho
06322,山形県,西川町,ニシカワマチ,Nishikawa-machi
06323,山形県,朝日町,アサヒマチ,Asahi-machi
06324,山形県,大江町,オオエマチ,Oe-machi
06341,山形県,大石田町,オオイシダマチ,Oishida-machi
06361,山形県,金山町,カネヤママチ,Kaneyama-machi
06362,山形県,最上町,モガミマチ,Mogami-machi
06363,山形県,舟形町,フナガタマチ,Funagata-machi
06364,山形県,真室川町,マムロガワマチ,Mamurogawa-machi
06365,山形県,大蔵村,オオクラムラ,Okura-mura
06366,山形県,鮭川村,サケガワムラ,Sakegawa-mura
06367,山形県,戸沢村,トザワムラ,Tozawa-mura
06381,山形県,高畠町,タカハタマチ,Takahata-machi
06382,山形県,川西町,カワニシマチ,Kawanishi-machi
06401,山形県,小国町,オグニマチ,Oguni-machi
06402,山形県,白鷹町,シラタカマチ,Shirataka-machi
06403,山形県,飯豊町,イイデマチ,Iide-machi
06426,山形県,三川町,ミカワマチ,Mikawa-machi
06428,山形県,庄内町,シヨウナイマチ,Shonai-machi
06461,山形県,遊佐町,ユザマチ,Yuza-machi
07201,福島県,福島市,フクシマシ,Fukushima-shi
07202,福島県,会津若松市,アイヅワカマツシ,Aizuwakamatsu-shi
07203,福島県,郡山市,コオリヤマシ,Koriyama-shi
07204,福島県,いわき市,イワキシ,Iwaki-shi
07205,福島県,白河市,シラカワシ,Shirakawa-shi
07207,福島県,須賀川市,スカガワシ,Sukagawa-shi
07208,福島県,喜多方市,キタカタシ,Kitakata-shi
07209,福島県,相馬市,ソウマシ,Soma-shi
07210,福島県,二本松市,ニホンマツシ,Nihonmatsu-shi
07211,福島県,田村市,タムラシ,Tamura-shi
07212,福島県,南相馬市,ミナミソウマシ,Minamisoma-shi
07213,福島県,伊達市,ダテシ,Date-shi
07214,福島県,本宮市,モトミヤシ,Motomiya-shi
07301,福島県,桑折町,コオリマチ,Koori-machi
07303,福島県,国見町,クニミマチ,Kunimi-machi
07308,福島県,川俣町,カワマタマチ,Kawamata-machi
07322,福島県,大玉村,オオタマムラ,Otama-mura
07342,福島県,鏡石町,カガミイシマチ,Kagamiishi-machi
07344,福島県,天栄村,テンエイムラ,Ten-ei-mura
07362,福島県,下郷町,シモゴウマチ,Shimogo-machi
07364,福島県,檜枝岐村,ヒノエマタムラ,Hinoemata-mura
07367,福島県,只見町,タダミマチ,Tadami-machi
07368,福島県,南会津町,ミナミアイヅマチ,Minamiaizu-machi
07402,福島県,北塩原村,キタシオバラムラ,Kitashiobara-mura
07405,福島県,西会津町,ニシアイヅマチ,Nishiaizu-machi
07407,福島県,磐梯町,バンダイマチ,Bandai-machi
07408,福島県,猪苗代町,イナワシロマチ,Inawashiro-machi
07421,福島県,会津坂下町,アイヅバンゲマチ,Aizubange-machi
07422,福島県,湯川村,ユガワムラ,Yugawa-mura
07423,福島県,柳津町,ヤナイヅマチ,Yanaizu-machi
07444,福島県,三島町,ミシママチ,Mishima-machi
07445,福島県,金山町,カネヤママチ,Kaneyama-machi
07446,福島県,昭和村,ショウワムラ,Showa-mura
07447,福島県,会津美里町,アイヅミサトマチ,Aizumisato-machi
07461,福島県,西郷村,ニシゴウムラ,Nishigo-mura
07464,福島県,泉崎村,イズミザキムラ,Izumizaki-mura
07465,福島県,中島村,ナカジマムラ,Nakajima-mura
07466,福島県,矢吹町,ヤブキマチ,Yabuki-machi
07481,福島県,棚倉町,タナグラマチ,Tanagura-machi
07482,福島県,矢祭町,ヤマツリマチ,Yamatsuri-machi
07483,福島県,塙町,ハナワマチ,Hanawa-machi
07484,福島県,鮫川村,サメガワムラ,Samegawa-mura
07501,福島県,石川町,イシカワマチ,Ishikawa-machi
07502,福島県,玉川村,タマカワムラ,Tamakawa-mura
07503,福島県,平田村,ヒラタムラ,Hirata-mura
07504,福島県,浅川町,アサカワマチ,Asakawa-machi
07505,福島県,古殿町,フルドノマチ,Furudono-machi
07521,福島県,三春町,ミハルマチ,Miharu-machi
07522,福島県,小野町,オノマチ,Ono-machi
07541,福島県,広野町,ヒロノマチ,Hirono-machi
07542,福島県,楢葉町,ナラハマチ,Naraha-machi
07543,福島県,富岡町,トミオカマチ,Tomioka-machi
07544,福島県,川内村,カワウチムラ,Kawauchi-mura
07545,福島県,大熊町,オオクママチ,Okuma-machi
07546,福島県,双葉町,フタバマチ,Futaba-machi
07547,福島県,浪江町,ナミエマチ,Namie-machi
07548,福島県,葛尾村,カツラオムラ,Katsurao-mura
07561,福島県,新地町,シンチマチ,Shinchi-machi
07564,福島県,飯舘村,イイタテムラ,Iitate-mura
08201,茨城県,水戸市,ミトシ,Mito-shi
08202,茨城県,日立市,ヒタチシ,Hitachi-shi
08203,茨城県,土浦市,ツチウラシ,Tsuchiura-shi
08204,茨城県,古河市,コガシ,Koga-shi
08205,茨城県,石岡市,イシオカシ,Ishioka-shi
08207,茨城県,結城市,ユウキシ,Yuki-shi
08208,茨城県,龍ケ崎市,リュウガサキシ,Ryugasaki-shi
08210,茨城県,下妻市,シモツマシ,Shimotsuma-shi
08211,茨城県,常総市,ジョウソウシ,Joso-shi
08212,茨城県,常陸太田市,ヒタチオオタシ,Hitachiota-shi
08214,茨城県,高萩市,タカハギシ,Takahagi-shi
08215,茨城県,北茨城市,キタイバラキシ,Kitaibaraki-shi
08216,茨城県,笠間市,カサマシ,Kasama-shi
08217,茨城県,取手市,トリデシ,Toride-shi
08219,茨城県,牛久市,ウシクシ,Ushiku-shi
08220,茨城県,つくば市,ツクバシ,Tsukuba-shi
08221,茨城県,ひたちなか市,ヒタチナカシ,Hitachinaka-shi
08222,茨城県,鹿嶋市,カシマシ,Kashima-shi
08223,茨城県,潮来市,イタコシ,Itako-shi
08224,茨城県,守谷市,モリヤシ,Moriya-shi
08225,茨城県,常陸大宮市,ヒタチオオミヤシ,Hitachiomiya-shi
08226,茨城県,那珂市,ナカシ,Naka-shi
08227,茨城県,筑西市,チクセイシ,Chikusei-shi
08228,茨城県,坂東市,バンドウシ,Bando-shi
08229,茨城県,稲敷市,イナシキシ,Inashiki-shi
08230,茨城県,かすみがうら市,カスミガウラシ,Kasumigaura-shi
08231,茨城県,桜川市,サクラガワシ,Sakuragawa-shi
08232,茨城県,神栖市,カミスシ,Kamisu-shi
08233,茨城県,行方市,ナメガタシ,Namegata-shi
08234,茨城県,鉾田市,ホコタシ,Hokota-shi
08235,茨城県,つくばみらい市,ツクバミライシ,Tsukubamirai-shi
08236,茨城県,小美玉市,オミタマシ,Omitama-shi
08302,茨城県,茨城町,イバラキマチ,Ibaraki-machi
08309,茨城県,大洗町,オオアライマチ,Oarai-machi
08310,茨城県,城里町,シロサトマチ,Shirosato-machi
08341,茨城県,東海村,トウカイムラ,Tokai-mura
08364,茨城県,大子町,ダイゴマチ,Daigo-machi
08442,茨城県,美浦村,ミホムラ,Miho-mura
08443,茨城県,阿見町,アミマチ,Ami-machi
08447,茨城県,河内町,カワチマチ,Kawachi-machi
08521,茨城県,八千代町,ヤチヨマチ,Yachiyo-machi
08542,茨城県,五霞町,ゴカマチ,Goka-machi
08546,茨城県,境町,サカイマチ,Sakai-machi
08564,茨城県,利根町,トネマチ,Tone-machi
09201,栃木県,宇都宮市,ウツノミヤシ,Utsunomiya-shi
09202,栃木県,足利市,アシカガシ,Ashikaga-shi
09203,栃木県,栃木市,トチギシ,Tochigi-shi
09204,栃木県,佐野市,サノシ,Sano-shi
09205,栃木県,鹿沼市,カヌマシ,Kanuma-shi
09206,栃木県,日光市,ニッコウシ,Nikko-shi
09208,栃木県,小山市,オヤマシ,Oyama-shi
09209,栃木県,真岡市,モオカシ,Mooka-shi
09210,栃木県,大田原市,オオタワラシ,Otawara-shi
09211,栃木県,矢板市,ヤイタシ,Yaita-shi
09213,栃木県,那須塩原市,ナスシオバラシ,Nasushiobara-shi
09214,栃木県,さくら市,サクラシ,Sakura-shi
09215,栃木県,那須烏山市,ナスカラスヤマシ,Nasukarasuyama-shi
09216,栃木県,下野市,シモツケシ,Shimotsuke-shi
09301,栃木県,上三川町,カミノカワマチ,Kaminokawa-machi
09342,栃木県,益子町,マシコマチ,Mashiko-machi
09343,栃木県,茂木町,モテギマチ,Motegi-machi
09344,栃木県,市貝町,イチカイマチ,Ichikai-machi
09345,栃木県,芳賀町,ハガマチ,Haga-machi
09361,栃木県,壬生町,ミブマチ,Mibu-machi
09364,栃木県,野木町,ノギマチ,Nogi-machi
09384,栃木県,塩谷町,シオヤマチ,Shioya-machi
09386,栃木県,高根沢町,タカネザワマチ,Takanezawa-machi
09407,栃木県,那須町,ナスマチ,Nasu-machi
09411,栃木県,那珂川町,ナカガワマチ,Nakagawa-machi
10201,群馬県,前橋市,マエバシシ,Maebashi-shi
10202,群馬県,高崎市,タカサキシ,Takasaki-shi
10203,群馬県,桐生市,キリュウシ,Kiryu-shi
10204,群馬県,伊勢崎市,イセサキシ,Isesaki-shi
10205,群馬県,太田市,オオタシ,Ota-shi
10206,群馬県,沼田市,ヌマタシ,Numata-shi
10207,群馬県,館林市,タテバヤシシ,Tatebayashi-shi
10208,群馬県,渋川市,シブカワシ,Shibukawa-shi
10209,群馬県,藤岡市,フジオカシ,Fujioka-shi
10210,群馬県,富岡市,トミオカシ,Tomioka-shi
10211,群馬県,安中市,アンナカシ,Annaka-shi
10212,群馬県,みどり市,ミドリシ,Midori-shi
10344,群馬県,榛東村,シントウムラ,Shinto-mura
10345,群馬県,吉岡町,ヨシオカマチ,Yoshioka-machi
10366,群馬県,上野村,ウエノムラ,Ueno-mura
10367,群馬県,神流町,カンナマチ,Kanna-machi
10382,群馬県,下仁田町,シモニタマチ,Shimonita-machi
10383,群馬県,南牧村,ナンモクムラ,Nanmoku-mura
10384,群馬県,甘楽町,カンラマチ,Kanra-machi
10421,群馬県,中之条町,ナカノジヨウマチ,Nakanojo-machi
10424,群馬県,長野原町,ナガノハラマチ,Naganohara-machi
10425,群馬県,嬬恋村,ツマゴイムラ,Tsumagoi-mura
10426,群馬県,草津町,クサツマチ,Kusatsu-machi
10428,群馬県,高山村,タカヤマムラ,Takayama-mura
10429,群馬県,東吾妻町,ヒガシアガツママチ,Higashiagatsuma-machi
10443,群馬県,片品村,カタシナムラ,Katashina-mura
10444,群馬県,川場村,カワバムラ,Kawaba-mura
10448,群馬県,昭和村,ショウワムラ,Showa-mura
10449,群馬県,みなかみ町,ミナカミマチ,Minakami-machi
10464,群馬県,玉村町,タマムラマチ,Tamamura-machi
10521,群馬県,板倉町,イタクラマチ,Itakura-machi
10522,群馬県,明和町,メイワマチ,Meiwa-machi
10523,群馬県,千代田町,チヨダマチ,Chiyoda-machi
10524,群馬県,大泉町,オオイズミマチ,Oizumi-machi
10525,群馬県,邑楽町,オウラマチ,Ora-machi
11100,埼玉県,さいたま市,サイタマシ,Saitama-shi
11101,埼玉県,さいたま市西区,サイタマシニシク,Saitama-shi Nishi-ku
11102,埼玉県,さいたま市北区,サイタマシキタク,Saitama-shi Kita-ku
11103,埼玉県,さいたま市大宮区,サイタマシオオミヤク,Saitama-shi Omiya-ku
11104,埼玉県,さいたま市見沼区,サイタマシミヌマク,Saitama-shi Minuma-ku
11105,埼玉県,さいたま市中央区,サイタマシチュウオウク,Saitama-shi Chuo-ku
11106,埼玉県,さいたま市桜区,サイタマシサクラク,Saitama-shi Sakura-ku
11107,埼玉県,さいたま市浦和区,サイタマシウラワク,Saitama-shi Urawa-ku
11108,埼玉県,さいたま市南区,サイタマシミナミク,Saitama-shi Minami-ku
11109,埼玉県,さいたま市緑区,サイタマシミドリク,Saitama-shi Midori-ku
11110,埼玉県,さいたま市岩槻区,サイタマシイワツキク,Saitama-shi Iwatsuki-ku
11201,埼玉県,川越市,カワゴエシ,Kawagoe-shi
11202,埼玉県,熊谷市,クマガヤシ,Kumagaya-shi
11203,埼玉県,川口市,カワグチシ,Kawaguchi-shi
11206,埼玉県,行田市,ギヨウダシ,Gyoda-shi
11207,埼玉県,秩父市,チチブシ,Chichibu-shi
11208,埼玉県,所沢市,トコロザワシ,Tokorozawa-shi
11209,埼玉県,飯能市,ハンノウシ,Hanno-shi
11210,埼玉県,加須市,カゾシ,Kazo-shi
11211,埼玉県,本庄市,ホンジヨウシ,Honjo-shi
11212,埼玉県,東松山市,ヒガシマツヤマシ,Higashimatsuyama-shi
11214,埼玉県,春日部市,カスカベシ,Kasukabe-shi
11215,埼玉県,狭山市,サヤマシ,Sayama-shi
11216,埼玉県,羽生市,ハニユウシ,Hanyu-shi
11217,埼玉県,鴻巣市,コウノスシ,Konosu-shi
11218,埼玉県,深谷市,フカヤシ,Fukaya-shi
11219,埼玉県,上尾市,アゲオシ,Ageo-shi
11221,埼玉県,草加市,ソウカシ,Soka-shi
11222,埼玉県,越谷市,コシガヤシ,Koshigaya-shi
11223,埼玉県,蕨市,ワラビシ,Warabi-shi
11224,埼玉県,戸田市,トダシ,Toda-shi
11225,埼玉県,入間市,イルマシ,Iruma-shi
11227,埼玉県,朝霞市,アサカシ,Asaka-shi
11228,埼玉県,志木市,シキシ,Shiki-shi
11229,埼玉県,和光市,ワコウシ,Wako-shi
11230,埼玉県,新座市,ニイザシ,Niiza-shi
11231,埼玉県,桶川市,オケガワシ,Okegawa-shi
11232,埼玉県,久喜市,クキシ,Kuki-shi
11233,埼玉県,北本市,キタモトシ,Kitamoto-shi
11234,埼玉県,八潮市,ヤシオシ,Yashio-shi
11235,埼玉県,富士見市,フジミシ,Fujimi-shi
11237,埼玉県,三郷市,ミサトシ,Misato-shi
11238,埼玉県,蓮田市,ハスダシ,Hasuda-shi
11239,埼玉県,坂戸市,サカドシ,Sakado-shi
11240,埼玉県,幸手市,サッテシ,Satte-shi
11241,埼玉県,鶴ヶ島市,ツルガシマシ,Tsurugashima-shi
11242,埼玉県,日高市,ヒダカシ,Hidaka-shi
11243,埼玉県,吉川市,ヨシカワシ,Yoshikawa-shi
11245,埼玉県,ふじみ野市,フジミノシ,Fujimino-shi
11246,埼玉県,白岡市,シラオカシ,Shiraoka-shi
11301,埼玉県,伊奈町,イナマチ,Ina-machi
11324,埼玉県,三芳町,ミヨシマチ,Miyoshi-machi
11326,埼玉県,毛呂山町,モロヤママチ,Moroyama-machi
11327,埼玉県,越生町,オゴセマチ,Ogose-machi
11341,埼玉県,滑川町,ナメガワマチ,Namegawa-machi
11342,埼玉県,嵐山町,ランザンマチ,Ranzan-machi
11343,埼玉県,小川町,オガワマチ,Ogawa-machi
11346,埼玉県,川島町,カワジママチ,Kawajima-machi
11347,埼玉県,吉見町,ヨシミマチ,Yoshimi-machi
11348,埼玉県,鳩山町,ハトヤママチ,Hatoyama-machi
11349,埼玉県,ときがわ町,トキガワマチ,Tokigawa-machi
11361,埼玉県,横瀬町,ヨコゼマチ,Yokoze-machi
11362,埼玉県,皆野町,ミナノマチ,Minano-machi
11363,埼玉県,長瀞町,ナガトロマチ,Nagatoro-machi
11365,埼玉県,小鹿野町,オガノマチ,Ogano-machi
11369,埼玉県,東秩父村,ヒガシチチブムラ,Higashichichibu-mura
11381,埼玉県,美里町,ミサトマチ,Misato-machi
11383,埼玉県,神川町,カミカワマチ,Kamikawa-machi
11385,埼玉県,上里町,カミサトマチ,Kamisato-machi
11408,埼玉県,寄居町,ヨリイマチ,Yorii-machi
11442,埼玉県,宮代町,ミヤシロマチ,Miyashiro-machi
11464,埼玉県,杉戸町,スギトマチ,Sugito-machi
11465,埼玉県,松伏町,マツブシマチ,Matsubushi-machi
12100,千葉県,千葉市,チバシ,Chiba-shi
12101,千葉県,千葉市中央区,チバシチュウオウク,Chiba-shi Chuo-ku
12102,千葉県,千葉市花見川区,チバシハナミガワク,Chiba-shi Hanamigawa-ku
12103,千葉県,千葉市稲毛区,チバシイナゲク,Chiba-shi Inage-ku
12104,千葉県,千葉市若葉区,チバシワカバク,Chiba-shi Wakaba-ku
12105,千葉県,千葉市緑区,チバシミドリク,Chiba-shi Midori-ku
12106,千葉県,千葉市美浜区,チバシミハマク,Chiba-shi Mihama-ku
12202,千葉県,銚子市,チョウシシ,Choshi-shi
12203,千葉県,市川市,イチカワシ,Ichikawa-shi
12204,千葉県,船橋市,フナバシシ,Funabashi-shi
12205,千葉県,館山市,タテヤマシ,Tateyama-shi
12206,千葉県,木更津市,キサラヅシ,Kisarazu-shi
12207,千葉県,松戸市,マツドシ,Matsudo-shi
12208,千葉県,野田市,ノダシ,Noda-shi
12210,千葉県,茂原市,モバラシ,Mobara-shi
12211,千葉県,成田市,ナリタシ,Narita-shi
12212,千葉県,佐倉市,サクラシ,Sakura-shi
12213,千葉県,東金市,トウガネシ,Togane-shi
12215,千葉県,旭市,アサヒシ,Asahi-shi
12216,千葉県,習志野市,ナラシノシ,Narashino-shi
12217,千葉県,柏市,カシワシ,Kashiwa-shi
12218,千葉県,勝浦市,カツウラシ,Katsuura-shi
12219,千葉県,市原市,イチハラシ,Ichihara-shi
12220,千葉県,流山市,ナガレヤマシ,Nagareyama-shi
12221,千葉県,八千代市,ヤチヨシ,Yachiyo-shi
12222,千葉県,我孫子市,アビコシ,Abiko-shi
12223,千葉県,鴨川市,カモガワシ,Kamogawa-shi
12224,千葉県,鎌ケ谷市,カマガヤシ,Kamagaya-shi
12225,千葉県,君津市,キミツシ,Kimitsu-shi
12226,千葉県,富津市,フッツシ,Futtsu-shi
12227,千葉県,浦安市,ウラヤスシ,Urayasu-shi
12228,千葉県,四街道市,ヨツカイドウシ,Yotsukaido-shi
12229,千葉県,袖ケ浦市,ソデガウラシ,Sodegaura-shi
12230,千葉県,八街市,ヤチマタシ,Yachimata-shi
12231,千葉県,印西市,インザイシ,Inzai-shi
12232,千葉県,白井市,シロイシ,Shiroi-shi
12233,千葉県,富里市,トミサトシ,Tomisato-shi
12234,千葉県,南房総市,ミナミボウソウシ,Minamiboso-shi
12235,千葉県,匝瑳市,ソウサシ,Sosa-shi
12236,千葉県,香取市,カトリシ,Katori-shi
12237,千葉県,山武市,サンムシ,Sanmu-shi
12238,千葉県,いすみ市,イスミシ,Isumi-shi
12239,千葉県,大網白里市,オオアミシラサトシ,Oamishirasato-shi
12322,千葉県,酒々井町,シスイマチ,Shisui-machi
12329,千葉県,栄町,サカエマチ,Sakae-machi
12342,千葉県,神崎町,コウザキマチ,Kozaki-machi
12347,千葉県,多古町,タコマチ,Tako-machi
12349,千葉県,東庄町,トウノショウマチ,Tonosho-machi
12403,千葉県,九十九里町,クジユウクリマチ,Kujukuri-machi
12409,千葉県,芝山町,シバヤママチ,Shibayama-machi
12410,千葉県,横芝光町,ヨコシバヒカリマチ,Yokoshibahikari-machi
12421,千葉県,一宮町,イチノミヤマチ,Ichinomiya-machi
12422,千葉県,睦沢町,ムツザワマチ,Mutsuzawa-machi
12423,千葉県,長生村,チョウセイムラ,Chosei-mura
12424,千葉県,白子町,シラコマチ,Shirako-machi
12426,千葉県,長柄町,ナガラマチ,Nagara-machi
12427,千葉県,長南町,チョウナンマチ,Chonan-machi
12441,千葉県,大多喜町,オオタキマチ,Otaki-machi
12443,千葉県,御宿町,オンジユクマチ,Onjuku-machi
12463,千葉県,鋸南町,キヨナンマチ,Kyonan-machi
13101,東京都,千代田区,チヨダク,Chiyoda-ku
13102,東京都,中央区,チュウオウク,Chuo-ku
13103,東京都,港区,ミナトク,Minato-ku
13104,東京都,新宿区,シンジュクク,Shinjuku-ku
13105,東京都,文京区,ブンキョウク,Bunkyo-ku
13106,東京都,台東区,タイトウク,Taito-ku
13107,東京都,墨田区,スミダク,Sumida-ku
13108,東京都,江東区,コウトウク,Koto-ku
13109,東京都,品川区,シナガワク,Shinagawa-ku
13110,東京都,目黒区,メグロク,Meguro-ku
13111,東京都,大田区,オオタク,Ota-ku
13112,東京都,世田谷区,セタガヤク,Setagaya-ku
13113,東京都,渋谷区,シブヤク,Shibuya-ku
13114,東京都,中野区,ナカノク,Nakano-ku
13115,東京都,杉並区,スギナミク,Suginami-ku
13116,東京都,豊島区,トシマク,Toshima-ku
13117,東京都,北区,キタク,Kita-ku
13118,東京都,荒川区,アラカワク,Arakawa-ku
13119,東京都,板橋区,イタバシク,Itabashi-ku
13120,東京都,練馬区,ネリマク,Nerima-ku
13121,東京都,足立区,アダチク,Adachi-ku
13122,東京都,葛飾区,カツシカク,Katsushika-ku
13123,東京都,江戸川区,エドガワク,Edogawa-ku
13201,東京都,八王子市,ハチオウジシ,Hachioji-shi
13202,東京都,立川市,タチカワシ,Tachikawa-shi
13203,東京都,武蔵野市,ムサシノシ,Musashino-shi
13204,東京都,三鷹市,ミタカシ,Mitaka-shi
13205,東京都,青梅市,オウメシ,Ome-shi
13206,東京都,府中市,フチュウシ,Fuchu-shi
13207,東京都,昭島市,アキシマシ,Akishima-shi
13208,東京都,調布市,チョウフシ,Chofu-shi
13209,東京都,町田市,マチダシ,Machida-shi
13210,東京都,小金井市,コガネイシ,Koganei-shi
13211,東京都,小平市,コダイラシ,Kodaira-shi
13212,東京都,日野市,ヒノシ,Hino-shi
13213,東京都,東村山市,ヒガシムラヤマシ,Higashimurayama-shi
13214,東京都,国分寺市,コクブンジシ,Kokubunji-shi
13215,東京都,国立市,クニタチシ,Kunitachi-shi
13218,東京都,福生市,フッサシ,Fussa-shi
13219,東京都,狛江市,コマエシ,Komae-shi
13220,東京都,東大和市,ヒガシヤマトシ,Higashiyamato-shi
13221,東京都,清瀬市,キヨセシ,Kiyose-shi
13222,東京都,東久留米市,ヒガシクルメシ,Higashikurume-shi
13223,東京都,武蔵村山市,ムサシムラヤマシ,Musashimurayama-shi
13224,東京都,多摩市,タマシ,Tama-shi
13225,東京都,稲城市,イナギシ,Inagi-shi
13227,東京都,羽村市,ハムラシ,Hamura-shi
13228,東京都,あきる野市,アキルノシ,Akiruno-shi
13229,東京都,西東京市,ニシトウキョウシ,Nishitokyo-shi
13303,東京都,瑞穂町,ミズホマチ,Mizuho-machi
13305,東京都,日の出町,ヒノデマチ,Hinode-machi
13307,東京都,檜原村,ヒノハラムラ,Hinohara-mura
13308,東京都,奥多摩町,オクタママチ,Okutama-machi
13361,東京都,大島町,オオシママチ,Oshima-machi
13362,東京都,利島村,トシマムラ,Toshima-mura
13363,東京都,新島村,ニイジマムラ,Niijima-mura
13364,東京都,神津島村,コウヅシマムラ,Kozushima-mura
13381,東京都,三宅村,ミヤケムラ,Miyake-mura
13382,東京都,御蔵島村,ミクラジマムラ,Mikurajima-mura
13401,東京都,八丈町,ハチジョウマチ,Hachijo-machi
13402,東京都,青ヶ島村,アオガシマムラ,Aogashima-mura
13421,東京都,小笠原村,オガサワラムラ,Ogasawara-mura
14100,神奈川県,横浜市,ヨコハマシ,Yokohama-shi
14101,神奈川県,横浜市鶴見区,ヨコハマシツルミク,Yokohama-shi Tsurumi-ku
14102,神奈川県,横浜市神奈川区,ヨコハマシカナガワク,Yokohama-shi Kanagawa-ku
14103,神奈川県,横浜市西区,ヨコハマシニシク,Yokohama-shi Nishi-ku
14104,神奈川県,横浜市中区,ヨコハマシナカク,Yokohama-shi Naka-ku
14105,神奈川県,横浜市南区,ヨコハマシミナミク,Yokohama-shi Minami-ku
14106,神奈川県,横浜市保土ケ谷区,ヨコハマシホドガヤク,Yokohama-shi Hodogaya-ku
14107,神奈川県,横浜市磯子区,ヨコハマシイソゴク,Yokohama-shi Isogo-ku
14108,神奈川県,横浜市金沢区,ヨコハマシカナザワク,Yokohama-shi Kanazawa-ku
14109,神奈川県,横浜市港北区,ヨコハマシコウホクク,Yokohama-shi Kohoku-ku
14110,神奈川県,横浜市戸塚区,ヨコハマシトツカク,Yokohama-shi Totsuka-ku
14111,神奈川県,横浜市港南区,ヨコハマシコウナンク,Yokohama-shi Konan-ku
14112,神奈川県,横浜市旭区,ヨコハマシアサヒク,Yokohama-shi Asahi-ku
14113,神奈川県,横浜市緑区,ヨコハマシミドリク,Yokohama-shi Midori-ku
14114,神奈川県,横浜市瀬谷区,ヨコハマシセヤク,Yokohama-shi Seya-ku
14115,神奈川県,横浜市栄区,ヨコハマシサカエク,Yokohama-shi Sakae-ku
14116,神奈川県,横浜市泉区,ヨコハマシイズミク,Yokohama-shi Izumi-ku
14117,神奈川県,横浜市青葉区,ヨコハマシアオバク,Yokohama-shi Aoba-ku
14118,神奈川県,横浜市都筑区,ヨコハマシツヅキク,Yokohama-shi Tsuzuki-ku
14130,神奈川県,川崎市,カワサキシ,Kawasaki-shi
14131,神奈川県,川崎市川崎区,カワサキシカワサキク,Kawasaki-shi Kawasaki-ku
14132,神奈川県,川崎市幸区,カワサキシサイワイク,Kawasaki-shi Saiwai-ku
14133,神奈川県,川崎市中原区,カワサキシナカハラク,Kawasaki-shi Nakahara-ku
14134,神奈川県,川崎市高津区,カワサキシタカツク,Kawasaki-shi Takatsu-ku
14135,神奈川県,川崎市多摩区,カワサキシタマク,Kawasaki-shi Tama-ku
14136,神奈川県,川崎市宮前区,カワサキシミヤマエク,Kawasaki-shi Miyamae-ku
14137,神奈川県,川崎市麻生区,カワサキシアサオク,Kawasaki-shi Asao-ku
14150,神奈川県,相模原市,サガミハラシ,Sagamihara-shi
14151,神奈川県,相模原市緑区,サガミハラシミドリク,Sagamihara-shi Midori-ku
14152,神奈川県,相模原市中央区,サガミハラシチュウオウク,Sagamihara-shi Chuo-ku
14153,神奈川県,相模原市南区,サガミハラシミナミク,Sagamihara-shi Minami-ku
14201,神奈川県,横須賀市,ヨコスカシ,Yokosuka-shi
14203,神奈川県,平塚市,ヒラツカシ,Hiratsuka-shi
14204,神奈川県,鎌倉市,カマクラシ,Kamakura-shi
14205,神奈川県,藤沢市,フジサワシ,Fujisawa-shi
14206,神奈川県,小田原市,オダワラシ,Odawara-shi
14207,神奈川県,茅ヶ崎市,チガサキシ,Chigasaki-shi
14208,神奈川県,逗子市,ズシシ,Zushi-shi
14210,神奈川県,三浦市,ミウラシ,Miura-shi
14211,神奈川県,秦野市,ハダノシ,Hadano-shi
14212,神奈川県,厚木市,アツギシ,Atsugi-shi
14213,神奈川県,大和市,ヤマトシ,Yamato-shi
14214,神奈川県,伊勢原市,イセハラシ,Isehara-shi
14215,神奈川県,海老名市,エビナシ,Ebina-shi
14216,神奈川県,座間市,ザマシ,Zama-shi
14217,神奈川県,南足柄市,ミナミアシガラシ,Minamiashigara-shi
14218,神奈川県,綾瀬市,アヤセシ,Ayase-shi
14301,神奈川県,葉山町,ハヤママチ,Hayama-machi
14321,神奈川県,寒川町,サムカワマチ,Samukawa-machi
14341,神奈川県,大磯町,オオイソマチ,Oiso-machi
14342,神奈川県,二宮町,ニノミヤマチ,Ninomiya-machi
14361,神奈川県,中井町,ナカイマチ,Nakai-machi
14362,神奈川県,大井町,オオイマチ,Oi-machi
14363,神奈川県,松田町,マツダマチ,Matsuda-machi
14364,神奈川県,山北町,ヤマキタマチ,Yamakita-machi
14366,神奈川県,開成町,カイセイマチ,Kaisei-machi
14382,神奈川県,箱根町,ハコネマチ,Hakone-machi
14383,神奈川県,真鶴町,マナヅルマチ,Manazuru-machi
14384,神奈川県,湯河原町,ユガワラマチ,Yugawara-machi
14401,神奈川県,愛川町,アイカワマチ,Aikawa-machi
14402,神奈川県,清川村,キヨカワムラ,Kiyokawa-mura
15100,新潟県,新潟市,ニイガタシ,Niigata-shi
15101,新潟県,新潟市北区,ニイガタシキタク,Niigata-shi Kita-ku
15102,新潟県,新潟市東区,ニイガタシヒガシク,Niigata-shi Higashi-ku
15103,新潟県,新潟市中央区,ニイガタシチュウオウク,Niigata-shi Chuo-ku
15104,新潟県,新潟市江南区,ニイガタシコウナンク,Niigata-shi Konan-ku
15105,新潟県,新潟市秋葉区,ニイガタシアキハク,Niigata-shi Akiha-ku
15106,新潟県,新潟市南区,ニイガタシミナミク,Niigata-shi Minami-ku
15107,新潟県,新潟市西区,ニイガタシニシク,Niigata-shi Nishi-ku
15108,新潟県,新潟市西蒲区,ニイガタシニシカンク,Niigata-shi Nishikan-ku
15202,新潟県,長岡市,ナガオカシ,Nagaoka-shi
15204,新潟県,三条市,サンジョウシ,Sanjo-shi
15205,新潟県,柏崎市,カシワザキシ,Kashiwazaki-shi
15206,新潟県,新発田市,シバタシ,Shibata-shi
15208,新潟県,小千谷市,オヂヤシ,Ojiya-shi
15209,新潟県,加茂市,カモシ,Kamo-shi
15210,新潟県,十日町市,トオカマチシ,Tokamachi-shi
15211,新潟県,見附市,ミツケシ,Mitsuke-shi
15212,新潟県,村上市,ムラカミシ,Murakami-shi
15213,新潟県,燕市,ツバメシ,Tsubame-shi
15216,新潟県,糸魚川市,イトイガワシ,Itoigawa-shi
15217,新潟県,妙高市,ミョウコウシ,Myoko-shi
15218,新潟県,五泉市,ゴセンシ,Gosen-shi
15222,新潟県,上越市,ジョウエツシ,Joetsu-shi
15223,新潟県,阿賀野市,アガノシ,Agano-shi
15224,新潟県,佐渡市,サドシ,Sado-shi
15225,新潟県,魚沼市,ウオヌマシ,Uonuma-shi
15226,新潟県,南魚沼市,ミナミウオヌマシ,Minamiuonuma-shi
15227,新潟県,胎内市,タイナイシ,Tainai-shi
15307,新潟県,聖籠町,セイロウマチ,Seiro-machi
15342,新潟県,弥彦村,ヤヒコムラ,Yahiko-mura
15361,新潟県,田上町,タガミマチ,Tagami-machi
15385,新潟県,阿賀町,アガマチ,Aga-machi
15405,新潟県,出雲崎町,イズモザキマチ,Izumozaki-machi
15461,新潟県,湯沢町,ユザワマチ,Yuzawa-machi
15482,新潟県,津南町,ツナンマチ,Tsunan-machi
15504,新潟県,刈羽村,カリワムラ,Kariwa-mura
15581,新潟県,関川村,セキカワムラ,Sekikawa-mura
15586,新潟県,粟島浦村,アワシマウラムラ,Awashimaura-mura
16201,富山県,富山市,トヤマシ,Toyama-shi
16202,富山県,高岡市,タカオカシ,Takaoka-shi
16204,富山県,魚津市,ウオヅシ,Uozu-shi
16205,富山県,氷見市,ヒミシ,Himi-shi
16206,富山県,滑川市,ナメリカワシ,Namerikawa-shi
16207,富山県,黒部市,クロベシ,Kurobe-shi
16208,富山県,砺波市,トナミシ,Tonami-shi
16209,富山県,小矢部市,オヤベシ,Oyabe-shi
16210,富山県,南砺市,ナントシ,Nanto-shi
16211,富山県,射水市,イミズシ,Imizu-shi
16321,富山県,舟橋村,フナハシムラ,Funahashi-mura
16322,富山県,上市町,カミイチマチ,Kamiichi-machi
16323,富山県,立山町,タテヤママチ,Tateyama-machi
16342,富山県,入善町,ニュウゼンマチ,Nyuzen-machi
16343,富山県,朝日町,アサヒマチ,Asahi-machi
17201,石川県,金沢市,カナザワシ,Kanazawa-shi
17202,石川県,七尾市,ナナオシ,Nanao-shi
17203,石川県,小松市,コマツシ,Komatsu-shi
17204,石川県,輪島市,ワジマシ,Wajima-shi
17205,石川県,珠洲市,スズシ,Suzu-shi
17206,石川県,加賀市,カガシ,Kaga-shi
17207,石川県,羽咋市,ハクイシ,Hakui-shi
17209,石川県,かほく市,カホクシ,Kahoku-shi
17210,石川県,白山市,ハクサンシ,Hakusan-shi
17211,石川県,能美市,ノミシ,Nomi-shi
17212,石川県,野々市市,ノノイチシ,Nonoichi-shi
17324,石川県,川北町,カワキタマチ,Kawakita-machi
17361,石川県,津幡町,ツバタマチ,Tsubata-machi
17365,石川県,内灘町,ウチナダマチ,Uchinada-machi
17384,石川県,志賀町,シカマチ,Shika-machi
17386,石川県,宝達志水町,ホウダツシミズチョウ,Hodatsu-shimizu-cho
17407,石川県,中能登町,ナカノトマチ,Nakanoto-machi
17461,石川県,穴水町,アナミズマチ,Anamizu-machi
17463,石川県,能登町,ノトチョウ,Noto-cho
18201,福井県,福井市,フクイシ,Fukui-shi
18202,福井県,敦賀市,ツルガシ,Tsuruga-shi
18204,福井県,小浜市,オバマシ,Obama-shi
18205,福井県,大野市,オオノシ,Ono-shi
18206,福井県,勝山市,カツヤマシ,Katsuyama-shi
18207,福井県,鯖江市,サバエシ,Sabae-shi
18208,福井県,あわら市,アワラシ,Awara-shi
18209,福井県,越前市,エチゼンシ,Echizen-shi
18210,福井県,坂井市,サカイシ,Sakai-shi
18322,福井県,永平寺町,エイヘイジチョウ,Eiheiji-cho
18382,福井県,池田町,イケダチョウ,Ikeda-cho
18404,福井県,南越前町,ミナミエチゼンチョウ,Minami-Echizen-cho
18423,福井県,越前町,エチゼンチョウ,Echizen-cho
18442,福井県,美浜町,ミハマチョウ,Mihama-cho
18481,福井県,高浜町,タカハマチョウ,Takahama-cho
18483,福井県,おおい町,オオイチョウ,Oi-cho
18501,福井県,若狭町,ワカサチョウ,Wakasa-cho
19201,山梨県,甲府市,コウフシ,Kofu-shi
19202,山梨県,富士吉田市,フジヨシダシ,Fujiyoshida-shi
19204,山梨県,都留市,ツルシ,Tsuru-shi
19205,山梨県,山梨市,ヤマナシシ,Yamanashi-shi
19206,山梨県,大月市,オオツキシ,Otsuki-shi
19207,山梨県,韮崎市,ニラサキシ,Nirasaki-shi
19208,山梨県,南アルプス市,ミナミアルプスシ,Minami-Alps-shi
19209,山梨県,北杜市,ホクトシ,Hokuto-shi
19210,山梨県,甲斐市,カイシ,Kai-shi
19211,山梨県,笛吹市,フエフキシ,Fuefuki-shi
19212,山梨県,上野原市,ウエノハラシ,Uenohara-shi
19213,山梨県,甲州市,コウシュウシ,Koshu-shi
19214,山梨県,中央市,チュウオウシ,Chuo-shi
19346,山梨県,市川三郷町,イチカワミサトチョウ,Ichikawamisato-cho
19364,山梨県,早川町,ハヤカワチョウ,Hayakawa-cho
19365,山梨県,身延町,ミノブチョウ,Minobu-cho
19366,山梨県,南部町,ナンブチョウ,Nanbu-cho
19368,山梨県,富士川町,フジカワチョウ,Fujikawa-cho
19384,山梨県,昭和町,ショウワチョウ,Showa-cho
19422,山梨県,道志村,ドウシムラ,Doshi-mura
19423,山梨県,西桂町,ニシカツラチョウ,Nishikatsura-cho
19424,山梨県,忍野村,オシノムラ,Oshino-mura
19425,山梨県,山中湖村,ヤマナカコムラ,Yamanakako-mura
19429,山梨県,鳴沢村,ナルサワムラ,Narusawa-mura
19430,山梨県,富士河口湖町,フジカワグチコマチ,Fujikawaguchiko-machi
19442,山梨県,小菅村,コスゲムラ,Kosuge-mura
19443,山梨県,丹波山村,タバヤマムラ,Tabayama-mura
20201,長野県,長野市,ナガノシ,Nagano-shi
20202,長野県,松本市,マツモトシ,Matsumoto-shi
20203,長野県,上田市,ウエダシ,Ueda-shi
20204,長野県,岡谷市,オカヤシ,Okaya-shi
20205,長野県,飯田市,イイダシ,Iida-shi
20206,長野県,諏訪市,スワシ,Suwa-shi
20207,長野県,須坂市,スザカシ,Suzaka-shi
20208,長野県,小諸市,コモロシ,Komoro-shi
20209,長野県,伊那市,イナシ,Ina-shi
20210,長野県,駒ヶ根市,コマガネシ,Komagane-shi
20211,長野県,中野市,ナカノシ,Nakano-shi
20212,長野県,大町市,オオマチシ,Omachi-shi
20213,長野県,飯山市,イイヤマシ,Iiyama-shi
20214,長野県,茅野市,チノシ,Chino-shi
20215,長野県,塩尻市,シオジリシ,Shiojiri-shi
20217,長野県,佐久市,サクシ,Saku-shi
20218,長野県,千曲市,チクマシ,Chikuma-shi
20219,長野県,東御市,トウミシ,Tomi-shi
20220,長野県,安曇野市,アヅミノシ,Azumino-shi
20303,長野県,小海町,コウミマチ,Koumi-machi
20304,長野県,川上村,カワカミムラ,Kawakami-mura
20305,長野県,南牧村,ミナミマキムラ,Minamimaki-mura
20306,長野県,南相木村,ミナミアイキムラ,Minamiaiki-mura
20307,長野県,北相木村,キタアイキムラ,Kitaaiki-mura
20309,長野県,佐久穂町,サクホマチ,Sakuho-machi
20321,長野県,軽井沢町,カルイザワマチ,Karuizawa-machi
20323,長野県,御代田町,ミヨタマチ,Miyota-machi
20324,長野県,立科町,タテシナマチ,Tateshina-machi
20349,長野県,青木村,アオキムラ,Aoki-mura
20350,長野県,長和町,ナガワマチ,Nagawa-machi
20361,長野県,下諏訪町,シモスワマチ,Shimosuwa-machi
20362,長野県,富士見町,フジミマチ,Fujimi-machi
20363,長野県,原村,ハラムラ,Hara-mura
20382,長野県,辰野町,タツノマチ,Tatsuno-machi
20383,長野県,箕輪町,ミノワマチ,Minowa-machi
20384,長野県,飯島町,イイジママチ,Iijima-machi
20385,長野県,南箕輪村,ミナミミノワムラ,Minamiminowa-mura
20386,長野県,中川村,ナカガワムラ,Nakagawa-mura
20388,長野県,宮田村,ミヤダムラ,Miyada-mura
20402,長野県,松川町,マツカワマチ,Matsukawa-machi
20403,長野県,高森町,タカモリマチ,Takamori-machi
20404,長野県,阿南町,アナンチョウ,Anan-cho
20407,長野県,阿智村,アチムラ,Achi-mura
20409,長野県,平谷村,ヒラヤムラ,Hiraya-mura
20410,長野県,根羽村,ネバムラ,Neba-mura
20411,長野県,下條村,シモジョウムラ,Shimojo-mura
20412,長野県,売木村,ウルギムラ,Urugi-mura
20413,長野県,天龍村,テンリュウムラ,Tenryu-mura
20414,長野県,泰阜村,ヤスオカムラ,Yasuoka-mura
20415,長野県,喬木村,タカギムラ,Takagi-mura
20416,長野県,豊丘村,トヨオカムラ,Toyooka-mura
20417,長野県,大鹿村,オオシカムラ,Oshika-mura
20422,長野県,上松町,アゲマツマチ,Agematsu-machi
20423,長野県,南木曽町,ナギソマチ,Nagiso-machi
20425,長野県,木祖村,キソムラ,Kiso-mura
20429,長野県,王滝村,オウタキムラ,Otaki-mura
20430,長野県,大桑村,オオクワムラ,Okuwa-mura
20432,長野県,木曽町,キソマチ,Kiso-machi
20446,長野県,麻績村,オミムラ,Omi-mura
20448,長野県,生坂村,イクサカムラ,Ikusaka-mura
20450,長野県,山形村,ヤマガタムラ,Yamagata-mura
20451,長野県,朝日村,アサヒムラ,Asahi-mura
20452,長野県,筑北村,チクホクムラ,Chikuhoku-mura
20481,長野県,池田町,イケダマチ,Ikeda-machi
20482,長野県,松川村,マツカワムラ,Matsukawa-mura
20485,長野県,白馬村,ハクバムラ,Hakuba-mura
20486,長野県,小谷村,オタリムラ,Otari-mura
20521,長野県,坂城町,サカキマチ,Sakaki-machi
20541,長野県,小布施町,オブセマチ,Obuse-machi
20543,長野県,高山村,タカヤマムラ,Takayama-mura
20561,長野県,山ノ内町,ヤマノウチマチ,Yamanouchi-machi
20562,長野県,木島平村,キジマダイラムラ,Kijimadaira-mura
20563,長野県,野沢温泉村,ノザワオンセンムラ,Nozawaonsen-mura
20583,長野県,信濃町,シナノマチ,Shinano-machi
20588,長野県,小川村,オガワムラ,Ogawa-mura
20590,長野県,飯綱町,イイヅナマチ,Iizuna-machi
20602,長野県,栄村,サカエムラ,Sakae-mura
21201,岐阜県,岐阜市,ギフシ,Gifu-shi
21202,岐阜県,大垣市,オオガキシ,Ogaki-shi
21203,岐阜県,高山市,タカヤマシ,Takayama-shi
21204,岐阜県,多治見市,タジミシ,Tajimi-shi
21205,岐阜県,関市,セキシ,Seki-shi
21206,岐阜県,中津川市,ナカツガワシ,Nakatsugawa-shi
21207,岐阜県,美濃市,ミノシ,Mino-shi
21208,岐阜県,瑞浪市,ミズナミシ,Mizunami-shi
21209,岐阜県,羽島市,ハシマシ,Hashima-shi
21210,岐阜県,恵那市,エナシ,Ena-shi
21211,岐阜県,美濃加茂市,ミノカモシ,Minokamo-shi
21212,岐阜県,土岐市,トキシ,Toki-shi
21213,岐阜県,各務原市,カカミガハラシ,Kakamigahara-shi
21214,岐阜県,可児市,カニシ,Kani-shi
21215,岐阜県,山県市,ヤマガタシ,Yamagata-shi
21216,岐阜県,瑞穂市,ミズホシ,Mizuho-shi
21217,岐阜県,飛騨市,ヒダシ,Hida-shi
21218,岐阜県,本巣市,モトスシ,Motosu-shi
21219,岐阜県,郡上市,グジョウシ,Gujo-shi
21220,岐阜県,下呂市,ゲロシ,Gero-shi
21221,岐阜県,海津市,カイヅシ,Kaizu-shi
21302,岐阜県,岐南町,ギナンチョウ,Ginan-cho
21303,岐阜県,笠松町,カサマツチョウ,Kasamatsu-cho
21341,岐阜県,養老町,ヨウロウチョウ,Yoro-cho
21361,岐阜県,垂井町,タルイチョウ,Tarui-cho
21362,岐阜県,関ケ原町,セキガハラチョウ,Sekigahara-cho
21381,岐阜県,神戸町,ゴウドチョウ,Godo-cho
21382,岐阜県,輪之内町,ワノウチチョウ,Wanouchi-cho
21383,岐阜県,安八町,アンパチチョウ,Anpachi-cho
21401,岐阜県,揖斐川町,イビガワチョウ,Ibigawa-cho
21403,岐阜県,大野町,オオノチョウ,Ono-cho
21404,岐阜県,池田町,イケダチョウ,Ikeda-cho
21421,岐阜県,北方町,キタガタチョウ,Kitagata-cho
21501,岐阜県,坂祝町,サカホギチョウ,Sakahogi-cho
21502,岐阜県,富加町,トミカチョウ,Tomika-cho
21503,岐阜県,川辺町,カワベチョウ,Kawabe-cho
21504,岐阜県,七宗町,ヒチソウチョウ,Hichiso-cho
21505,岐阜県,八百津町,ヤオツチョウ,Yaotsu-cho
21506,岐阜県,白川町,シラカワチョウ,Shirakawa-cho
21507,岐阜県,東白川村,ヒガシシラカワムラ,Higashishirakawa-mura
21521,岐阜県,御嵩町,ミタケチョウ,Mitake-cho
21604,岐阜県,白川村,シラカワムラ,Shirakawa-mura
22100,静岡県,静岡市,シズオカシ,Shizuoka-shi
22101,静岡県,静岡市葵区,シズオカシアオイク,Shizuoka-shi Aoi-ku
22102,静岡県,静岡市駿河区,シズオカシスルガク,Shizuoka-shi Suruga-ku
22103,静岡県,静岡市清水区,シズオカシシミズク,Shizuoka-shi Shimizu-ku
22130,静岡県,浜松市,ハママツシ,Hamamatsu-shi
22138,静岡県,浜松市中央区,ハママツシチュウオウク,Hamamatsu-shi Chuo-ku
22139,静岡県,浜松市浜名区,ハママツシハマナク,Hamamatsu-shi Hamana-ku
22140,静岡県,浜松市天竜区,ハママツシテンリュウク,Hamamatsu-shi Tenryu-ku
22203,静岡県,沼津市,ヌマヅシ,Numazu-shi
22205,静岡県,熱海市,アタミシ,Atami-shi
22206,静岡県,三島市,ミシマシ,Mishima-shi
22207,静岡県,富士宮市,フジノミヤシ,Fujinomiya-shi
22208,静岡県,伊東市,イトウシ,Ito-shi
22209,静岡県,島田市,シマダシ,Shimada-shi
22210,静岡県,富士市,フジシ,Fuji-shi
22211,静岡県,磐田市,イワタシ,Iwata-shi
22212,静岡県,焼津市,ヤイヅシ,Yaizu-shi
22213,静岡県,掛川市,カケガワシ,Kakegawa-shi
22214,静岡県,藤枝市,フジエダシ,Fujieda-shi
22215,静岡県,御殿場市,ゴテンバシ,Gotemba-shi
22216,静岡県,袋井市,フクロイシ,Fukuroi-shi
22219,静岡県,下田市,シモダシ,Shimoda-shi
22220,静岡県,裾野市,スソノシ,Susono-shi
22221,静岡県,湖西市,コサイシ,Kosai-shi
22222,静岡県,伊豆市,イズシ,Izu-shi
22223,静岡県,御前崎市,オマエザキシ,Omaezaki-shi
22224,静岡県,菊川市,キクガワシ,Kikugawa-shi
22225,静岡県,伊豆の国市,イズノクニシ,Izunokuni-shi
22226,静岡県,牧之原市,マキノハラシ,Makinohara-shi
22301,静岡県,東伊豆町,ヒガシイズチョウ,Higashiizu-cho
22302,静岡県,河津町,カワヅチョウ,Kawazu-cho
22304,静岡県,南伊豆町,ミナミイズチョウ,Minamiizu-cho
22305,静岡県,松崎町,マツザキチョウ,Matsuzaki-cho
22306,静岡県,西伊豆町,ニシイズチョウ,Nishiizu-cho
22325,静岡県,函南町,カンナミチョウ,Kannami-cho
22341,静岡県,清水町,シミズチョウ,Shimizu-cho
22342,静岡県,長泉町,ナガイズミチョウ,Nagaizumi-cho
22344,静岡県,小山町,オヤマチョウ,Oyama-cho
22424,静岡県,吉田町,ヨシダチョウ,Yoshida-cho
22429,静岡県,川根本町,カワネホンチョウ,Kawanehon-cho
22461,静岡県,森町,モリマチ,Mori-machi
23100,愛知県,名古屋市,ナゴヤシ,Nagoya-shi
23101,愛知県,名古屋市千種区,ナゴヤシチクサク,Nagoya-shi Chikusa-ku
23102,愛知県,名古屋市東区,ナゴヤシヒガシク,Nagoya-shi Higashi-ku
23103,愛知県,名古屋市北区,ナゴヤシキタク,Nagoya-shi Kita-ku
23104,愛知県,名古屋市西区,ナゴヤシニシク,Nagoya-shi Nishi-ku
23105,愛知県,名古屋市中村区,ナゴヤシナカムラク,Nagoya-shi Nakamura-ku
23106,愛知県,名古屋市中区,ナゴヤシナカク,Nagoya-shi Naka-ku
23107,愛知県,名古屋市昭和区,ナゴヤシショウワク,Nagoya-shi Showa-ku
23108,愛知県,名古屋市瑞穂区,ナゴヤシミズホク,Nagoya-shi Mizuho-ku
23109,愛知県,名古屋市熱田区,ナゴヤシアツタク,Nagoya-shi Atsuta-ku
23110,愛知県,名古屋市中川区,ナゴヤシナカガワク,Nagoya-shi Nakagawa-ku
23111,愛知県,名古屋市港区,ナゴヤシミナトク,Nagoya-shi Minato-ku
23112,愛知県,名古屋市南区,ナゴヤシミナミク,Nagoya-shi Minami-ku
23113,愛知県,名古屋市守山区,ナゴヤシモリヤマク,Nagoya-shi Moriyama-ku
23114,愛知県,名古屋市緑区,ナゴヤシミドリク,Nagoya-shi Midori-ku
23115,愛知県,名古屋市名東区,ナゴヤシメイトウク,Nagoya-shi Meito-ku
23116,愛知県,名古屋市天白区,ナゴヤシテンパクク,Nagoya-shi Tenpaku-ku
23201,愛知県,豊橋市,トヨハシシ,Toyohashi-shi
23202,愛知県,岡崎市,オカザキシ,Okazaki-shi
23203,愛知県,一宮市,イチノミヤシ,Ichinomiya-shi
23204,愛知県,瀬戸市,セトシ,Seto-shi
23205,愛知県,半田市,ハンダシ,Handa-shi
23206,愛知県,春日井市,カスガイシ,Kasugai-shi
23207,愛知県,豊川市,トヨカワシ,Toyokawa-shi
23208,愛知県,津島市,ツシマシ,Tsushima-shi
23209,愛知県,碧南市,ヘキナンシ,Hekinan-shi
23210,愛知県,刈谷市,カリヤシ,Kariya-shi
23211,愛知県,豊田市,トヨタシ,Toyota-shi
23212,愛知県,安城市,アンジョウシ,Anjo-shi
23213,愛知県,西尾市,ニシオシ,Nishio-shi
23214,愛知県,蒲郡市,ガマゴオリシ,Gamagori-shi
23215,愛知県,犬山市,イヌヤマシ,Inuyama-shi
23216,愛知県,常滑市,トコナメシ,Tokoname-shi
23217,愛知県,江南市,コウナンシ,Konan-shi
23219,愛知県,小牧市,コマキシ,Komaki-shi
23220,愛知県,稲沢市,イナザワシ,Inazawa-shi
23221,愛知県,新城市,シンシロシ,Shinshiro-shi
23222,愛知県,東海市,トウカイシ,Tokai-shi
23223,愛知県,大府市,オオブシ,Obu-shi
23224,愛知県,知多市,チタシ,Chita-shi
23225,愛知県,知立市,チリュウシ,Chiryu-shi
23226,愛知県,尾張旭市,オワリアサヒシ,Owariasahi-shi
23227,愛知県,高浜市,タカハマシ,Takahama-shi
23228,愛知県,岩倉市,イワクラシ,Iwakura-shi
23229,愛知県,豊明市,トヨアケシ,Toyoake-shi
23230,愛知県,日進市,ニッシンシ,Nisshin-shi
23231,愛知県,田原市,タハラシ,Tahara-shi
23232,愛知県,愛西市,アイサイシ,Aisai-shi
23233,愛知県,清須市,キヨスシ,Kiyosu-shi
23234,愛知県,北名古屋市,キタナゴヤシ,Kitanagoya-shi
23235,愛知県,弥富市,ヤトミシ,Yatomi-shi
23236,愛知県,みよし市,ミヨシシ,Miyoshi-shi
23237,愛知県,あま市,アマシ,Ama-shi
23238,愛知県,長久手市,ナガクテシ,Nagakute-shi
23302,愛知県,東郷町,トウゴウチョウ,Togo-cho
23342,愛知県,豊山町,トヨヤマチョウ,Toyoyama-cho
23361,愛知県,大口町,オオグチチョウ,Oguchi-cho
23362,愛知県,扶桑町,フソウチョウ,Fuso-cho
23424,愛知県,大治町,オオハルチョウ,Oharu-cho
23425,愛知県,蟹江町,カニエチョウ,Kanie-cho
23427,愛知県,飛島村,トビシマムラ,Tobishima-mura
23441,愛知県,阿久比町,アグイチョウ,Agui-cho
23442,愛知県,東浦町,ヒガシウラチョウ,Higashiura-cho
23445,愛知県,南知多町,ミナミチタチョウ,Minamichita-cho
23446,愛知県,美浜町,ミハマチョウ,Mihama-cho
23447,愛知県,武豊町,タケトヨチョウ,Taketoyo-cho
23501,愛知県,幸田町,コウタチョウ,Kota-cho
23561,愛知県,設楽町,シタラチョウ,Shitara-cho
23562,愛知県,東栄町,トウエイチョウ,Toei-cho
23563,愛知県,豊根村,トヨネムラ,Toyone-mura
24201,三重県,津市,ツシ,Tsu-shi
24202,三重県,四日市市,ヨッカイチシ,Yokkaichi-shi
24203,三重県,伊勢市,イセシ,Ise-shi
24204,三重県,松阪市,マツサカシ,Matsusaka-shi
24205,三重県,桑名市,クワナシ,Kuwana-shi
24207,三重県,鈴鹿市,スズカシ,Suzuka-shi
24208,三重県,名張市,ナバリシ,Nabari-shi
24209,三重県,尾鷲市,オワセシ,Owase-shi
24210,三重県,亀山市,カメヤマシ,Kameyama-shi
24211,三重県,鳥羽市,トバシ,Toba-shi
24212,三重県,熊野市,クマノシ,Kumano-shi
24214,三重県,いなべ市,イナベシ,Inabe-shi
24215,三重県,志摩市,シマシ,Shima-shi
24216,三重県,伊賀市,イガシ,Iga-shi
24303,三重県,木曽岬町,キソサキチョウ,Kisosaki-cho
24324,三重県,東員町,トウインチョウ,Toin-cho
24341,三重県,菰野町,コモノチョウ,Komono-cho
24343,三重県,朝日町,アサヒチョウ,Asahi-cho
24344,三重県,川越町,カワゴエチョウ,Kawagoe-cho
24441,三重県,多気町,タキチョウ,Taki-cho
24442,三重県,明和町,メイワチョウ,Meiwa-cho
24443,三重県,大台町,オオダイチョウ,Odai-cho
24461,三重県,玉城町,タマキチョウ,Tamaki-cho
24470,三重県,度会町,ワタライチョウ,Watarai-cho
24471,三重県,大紀町,タイキチョウ,Taiki-cho
24472,三重県,南伊勢町,ミナミイセチョウ,Minamiise-cho
24543,三重県,紀北町,キホクチョウ,Kihoku-cho
24561,三重県,御浜町,ミハマチョウ,Mihama-cho
24562,三重県,紀宝町,キホウチョウ,Kiho-cho
25201,滋賀県,大津市,オオツシ,Otsu-shi
25202,滋賀県,彦根市,ヒコネシ,Hikone-shi
25203,滋賀県,長浜市,ナガハマシ,Nagahama-shi
25204,滋賀県,近江八幡市,オウミハチマンシ,Omihachiman-shi
25206,滋賀県,草津市,クサツシ,Kusatsu-shi
25207,滋賀県,守山市,モリヤマシ,Moriyama-shi
25208,滋賀県,栗東市,リットウシ,Ritto-shi
25209,滋賀県,甲賀市,コウカシ,Koka-shi
25210,滋賀県,野洲市,ヤスシ,Yasu-shi
25211,滋賀県,湖南市,コナンシ,Konan-shi
25212,滋賀県,高島市,タカシマシ,Takashima-shi
25213,滋賀県,東近江市,ヒガシオウミシ,Higashiomi-shi
25214,滋賀県,米原市,マイバラシ,Maihara-shi
25383,滋賀県,日野町,ヒノチョウ,Hino-cho
25384,滋賀県,竜王町,リユウオウチョウ,Ryuo-cho
25425,滋賀県,愛荘町,アイショウチョウ,Aisho-cho
25441,滋賀県,豊郷町,トヨサトチョウ,Toyosato-cho
25442,滋賀県,甲良町,コウラチョウ,Kora-cho
25443,滋賀県,多賀町,タガチョウ,Taga-cho
26100,京都府,京都市,キョウトシ,Kyoto-shi
26101,京都府,京都市北区,キョウトシキタク,Kyoto-shi Kita-ku
26102,京都府,京都市上京区,キョウトシカミギョウク,Kyoto-shi Kamigyo-ku
26103,京都府,京都市左京区,キョウトシサキョウク,Kyoto-shi Sakyo-ku
26104,京都府,京都市中京区,キョウトシナカギョウク,Kyoto-shi Nakagyo-ku
26105,京都府,京都市東山区,キョウトシヒガシヤマク,Kyoto-shi Higashiyama-ku
26106,京都府,京都市下京区,キョウトシシモギョウク,Kyoto-shi Shimogyo-ku
26107,京都府,京都市南区,キョウトシミナミク,Kyoto-shi Minami-ku
26108,京都府,京都市右京区,キョウトシウキョウク,Kyoto-shi Ukyo-ku
26109,京都府,京都市伏見区,キョウトシフシミク,Kyoto-shi Fushimi-ku
26110,京都府,京都市山科区,キョウトシヤマシナク,Kyoto-shi Yamashina-ku
26111,京都府,京都市西京区,キョウトシニシキョウク,Kyoto-shi Nishikyo-ku
26201,京都府,福知山市,フクチヤマシ,Fukuchiyama-shi
26202,京都府,舞鶴市,マイヅルシ,Maizuru-shi
26203,京都府,綾部市,アヤベシ,Ayabe-shi
26204,京都府,宇治市,ウジシ,Uji-shi
26205,京都府,宮津市,ミヤヅシ,Miyazu-shi
26206,京都府,亀岡市,カメオカシ,Kameoka-shi
26207,京都府,城陽市,ジョウヨウシ,Joyo-shi
26208,京都府,向日市,ムコウシ,Muko-shi
26209,京都府,長岡京市,ナガオカキョウシ,Nagaokakyo-shi
26210,京都府,八幡市,ヤワタシ,Yawata-shi
26211,京都府,京田辺市,キョウタナベシ,Kyotanabe-shi
26212,京都府,京丹後市,キョウタンゴシ,Kyotango-shi
26213,京都府,南丹市,ナンタンシ,Nantan-shi
26214,京都府,木津川市,キヅガワシ,Kizugawa-shi
26303,京都府,大山崎町,オオヤマザキチョウ,Oyamazaki-cho
26322,京都府,久御山町,クミヤマチョウ,Kumiyama-cho
26343,京都府,井手町,イデチョウ,Ide-cho
26344,京都府,宇治田原町,ウジタワラチョウ,Ujitawara-cho
26364,京都府,笠置町,カサギチョウ,Kasagi-cho
26365,京都府,和束町,ワヅカチョウ,Wazuka-cho
26366,京都府,精華町,セイカチョウ,Seika-cho
26367,京都府,南山城村,ミナミヤマシロムラ,Minamiyamashiro-mura
26407,京都府,京丹波町,キョウタンバチョウ,Kyotanba-cho
26463,京都府,伊根町,イネチョウ,Ine-cho
26465,京都府,与謝野町,ヨサノチョウ,Yosano-cho
27100,大阪府,大阪市,オオサカシ,Osaka-shi
27102,大阪府,大阪市都島区,オオサカシミヤコジマク,Osaka-shi Miyakojima-ku
27103,大阪府,大阪市福島区,オオサカシフクシマク,Osaka-shi Fukushima-ku
27104,大阪府,大阪市此花区,オオサカシコノハナク,Osaka-shi Konohana-ku
27106,大阪府,大阪市西区,オオサカシニシク,Osaka-shi Nishi-ku
27107,大阪府,大阪市港区,オオサカシミナトク,Osaka-shi Minato-ku
27108,大阪府,大阪市大正区,オオサカシタイショウク,Osaka-shi Taisho-ku
27109,大阪府,大阪市天王寺区,オオサカシテンノウジク,Osaka-shi Tennoji-ku
27111,大阪府,大阪市浪速区,オオサカシナニワク,Osaka-shi Naniwa-ku
27113,大阪府,大阪市西淀川区,オオサカシニシヨドガワク,Osaka-shi Nishiyodogawa-ku
27114,大阪府,大阪市東淀川区,オオサカシヒガシヨドガワク,Osaka-shi Higashiyodogawa-ku
27115,大阪府,大阪市東成区,オオサカシヒガシナリク,Osaka-shi Higashinari-ku
27116,大阪府,大阪市生野区,オオサカシイクノク,Osaka-shi Ikuno-ku
27117,大阪府,大阪市旭区,オオサカシアサヒク,Osaka-shi Asahi-ku
27118,大阪府,大阪市城東区,オオサカシジョウトウク,Osaka-shi Joto-ku
27119,大阪府,大阪市阿倍野区,オオサカシアベノク,Osaka-shi Abeno-ku
27120,大阪府,大阪市住吉区,オオサカシスミヨシク,Osaka-shi Sumiyoshi-ku
27121,大阪府,大阪市東住吉区,オオサカシヒガシスミヨシク,Osaka-shi Higashisumiyoshi-ku
27122,大阪府,大阪市西成区,オオサカシニシナリク,Osaka-shi Nishinari-ku
27123,大阪府,大阪市淀川区,オオサカシヨドガワク,Osaka-shi Yodogawa-ku
27124,大阪府,大阪市鶴見区,オオサカシツルミク,Osaka-shi Tsurumi-ku
27125,大阪府,大阪市住之江区,オオサカシスミノエク,Osaka-shi Suminoe-ku
27126,大阪府,大阪市平野区,オオサカシヒラノク,Osaka-shi Hirano-ku
27127,大阪府,大阪市北区,オオサカシキタク,Osaka-shi Kita-ku
27128,大阪府,大阪市中央区,オオサカシチュウオウク,Osaka-shi Chuo-ku
27140,大阪府,堺市,サカイシ,Sakai-shi
27141,大阪府,堺市堺区,サカイシサカイク,Sakai-shi Sakai-ku
27142,大阪府,堺市中区,サカイシナカク,Sakai-shi Naka-ku
27143,大阪府,堺市東区,サカイシヒガシク,Sakai-shi Higashi-ku
27144,大阪府,堺市西区,サカイシニシク,Sakai-shi Nishi-ku
27145,大阪府,堺市南区,サカイシミナミク,Sakai-shi Minami-ku
27146,大阪府,堺市北区,サカイシキタク,Sakai-shi Kita-ku
27147,大阪府,堺市美原区,サカイシミハラク,Sakai-shi Mihara-ku
27202,大阪府,岸和田市,キシワダシ,Kishiwada-shi
27203,大阪府,豊中市,トヨナカシ,Toyonaka-shi
27204,大阪府,池田市,イケダシ,Ikeda-shi
27205,大阪府,吹田市,スイタシ,Suita-shi
27206,大阪府,泉大津市,イズミオオツシ,Izumiotsu-shi
27207,大阪府,高槻市,タカツキシ,Takatsuki-shi
27208,大阪府,貝塚市,カイヅカシ,Kaizuka-shi
27209,大阪府,守口市,モリグチシ,Moriguchi-shi
27210,大阪府,枚方市,ヒラカタシ,Hirakata-shi
27211,大阪府,茨木市,イバラキシ,Ibaraki-shi
27212,大阪府,八尾市,ヤオシ,Yao-shi
27213,大阪府,泉佐野市,イズミサノシ,Izumisano-shi
27214,大阪府,富田林市,トンダバヤシシ,Tondabayashi-shi
27215,大阪府,寝屋川市,ネヤガワシ,Neyagawa-shi
27216,大阪府,河内長野市,カワチナガノシ,Kawachinagano-shi
27217,大阪府,松原市,マツバラシ,Matsubara-shi
27218,大阪府,大東市,ダイトウシ,Daito-shi
27219,大阪府,和泉市,イズミシ,Izumi-shi
27220,大阪府,箕面市,ミノオシ,Minoh-shi
27221,大阪府,柏原市,カシワラシ,Kashiwara-shi
27222,大阪府,羽曳野市,ハビキノシ,Habikino-shi
27223,大阪府,門真市,カドマシ,Kadoma-shi
27224,大阪府,摂津市,セッツシ,Settsu-shi
27225,大阪府,高石市,タカイシシ,Takaishi-shi
27226,大阪府,藤井寺市,フジイデラシ,Fujiidera-shi
27227,大阪府,東大阪市,ヒガシオオサカシ,Higashiosaka-shi
27228,大阪府,泉南市,センナンシ,Sennan-shi
27229,大阪府,四條畷市,シジヨウナワテシ,Shijonawate-shi
27230,大阪府,交野市,カタノシ,Katano-shi
27231,大阪府,大阪狭山市,オオサカサヤマシ,Osakasayama-shi
27232,大阪府,阪南市,ハンナンシ,Hannan-shi
27301,大阪府,島本町,シマモトチョウ,Shimamoto-cho
27321,大阪府,豊能町,トヨノチョウ,Toyono-cho
27322,大阪府,能勢町,ノセチョウ,Nose-cho
27341,大阪府,忠岡町,タダオカチョウ,Tadaoka-cho
27361,大阪府,熊取町,クマトリチョウ,Kumatori-cho
27362,大阪府,田尻町,タジリチョウ,Tajiri-cho
27366,大阪府,岬町,ミサキチョウ,Misaki-cho
27381,大阪府,太子町,タイシチョウ,Taishi-cho
27382,大阪府,河南町,カナンチョウ,Kanan-cho
27383,大阪府,千早赤阪村,チハヤアカサカムラ,Chihayaakasaka-mura
28100,兵庫県,神戸市,コウベシ,Kobe-shi
28101,兵庫県,神戸市東灘区,コウベシヒガシナダク,Kobe-shi Higashinada-ku
28102,兵庫県,神戸市灘区,コウベシナダク,Kobe-shi Nada-ku
28105,兵庫県,神戸市兵庫区,コウベシヒョウゴク,Kobe-shi Hyogo-ku
28106,兵庫県,神戸市長田区,コウベシナガタク,Kobe-shi Nagata-ku
28107,兵庫県,神戸市須磨区,コウベシスマク,Kobe-shi Suma-ku
28108,兵庫県,神戸市垂水区,コウベシタルミク,Kobe-shi Tarumi-ku
28109,兵庫県,神戸市北区,コウベシキタク,Kobe-shi Kita-ku
28110,兵庫県,神戸市中央区,コウベシチュウオウク,Kobe-shi Chuo-ku
28111,兵庫県,神戸市西区,コウベシニシク,Kobe-shi Nishi-ku
28201,兵庫県,姫路市,ヒメジシ,Himeji-shi
28202,兵庫県,尼崎市,アマガサキシ,Amagasaki-shi
28203,兵庫県,明石市,アカシシ,Akashi-shi
28204,兵庫県,西宮市,ニシノミヤシ,Nishinomiya-shi
28205,兵庫県,洲本市,スモトシ,Sumoto-shi
28206,兵庫県,芦屋市,アシヤシ,Ashiya-shi
28207,兵庫県,伊丹市,イタミシ,Itami-shi
28208,兵庫県,相生市,アイオイシ,Aioi-shi
28209,兵庫県,豊岡市,トヨオカシ,Toyooka-shi
28210,兵庫県,加古川市,カコガワシ,Kakogawa-shi
28212,兵庫県,赤穂市,アコウシ,Ako-shi
28213,兵庫県,西脇市,ニシワキシ,Nishiwaki-shi
28214,兵庫県,宝塚市,タカラヅカシ,Takarazuka-shi
28215,兵庫県,三木市,ミキシ,Miki-shi
28216,兵庫県,高砂市,タカサゴシ,Takasago-shi
28217,兵庫県,川西市,カワニシシ,Kawanishi-shi
28218,兵庫県,小野市,オノシ,Ono-shi
28219,兵庫県,三田市,サンダシ,Sanda-shi
28220,兵庫県,加西市,カサイシ,Kasai-shi
28221,兵庫県,丹波篠山市,タンバササヤマシ,Tamba-Sasayama-shi
28222,兵庫県,養父市,ヤブシ,Yabu-shi
28223,兵庫県,丹波市,タンバシ,Tamba-shi
28224,兵庫県,南あわじ市,ミナミアワジシ,Minami-Awaji-shi
28225,兵庫県,朝来市,アサゴシ,Asago-shi
28226,兵庫県,淡路市,アワジシ,Awaji-shi
28227,兵庫県,宍粟市,シソウシ,Shiso-shi
28228,兵庫県,加東市,カトウシ,Kato-shi
28229,兵庫県,たつの市,タツノシ,Tatsuno-shi
28301,兵庫県,猪名川町,イナガワチョウ,Inagawa-cho
28365,兵庫県,多可町,タカチョウ,Taka-cho
28381,兵庫県,稲美町,イナミチョウ,Inami-cho
28382,兵庫県,播磨町,ハリマチョウ,Harima-cho
28442,兵庫県,市川町,イチカワチョウ,Ichikawa-cho
28443,兵庫県,福崎町,フクサキチョウ,Fukusaki-cho
28446,兵庫県,神河町,カミカワチョウ,Kamikawa-cho
28464,兵庫県,太子町,タイシチョウ,Taishi-cho
28481,兵庫県,上郡町,カミゴオリチョウ,Kamigori-cho
28501,兵庫県,佐用町,サヨウチョウ,Sayo-cho
28585,兵庫県,香美町,カミチョウ,Kami-cho
28586,兵庫県,新温泉町,シンオンセンチョウ,Shin'onsen-cho
29201,奈良県,奈良市,ナラシ,Nara-shi
29202,奈良県,大和高田市,ヤマトタカダシ,Yamatotakada-shi
29203,奈良県,大和郡山市,ヤマトコオリヤマシ,Yamatokoriyama-shi
29204,奈良県,天理市,テンリシ,Tenri-shi
29205,奈良県,橿原市,カシハラシ,Kashihara-shi
29206,奈良県,桜井市,サクライシ,Sakurai-shi
29207,奈良県,五條市,ゴジョウシ,Gojo-shi
29208,奈良県,御所市,ゴセシ,Gose-shi
29209,奈良県,生駒市,イコマシ,Ikoma-shi
29210,奈良県,香芝市,カシバシ,Kashiba-shi
29211,奈良県,葛城市,カツラギシ,Katsuragi-shi
29212,奈良県,宇陀市,ウダシ,Uda-shi
29322,奈良県,山添村,ヤマゾエムラ,Yamazoe-mura
29342,奈良県,平群町,ヘグリチョウ,Heguri-cho
29343,奈良県,三郷町,サンゴウチョウ,Sango-cho
29344,奈良県,斑鳩町,イカルガチョウ,Ikaruga-cho
29345,奈良県,安堵町,アンドチョウ,Ando-cho
29361,奈良県,川西町,カワニシチョウ,Kawanishi-cho
29362,奈良県,三宅町,ミヤケチョウ,Miyake-cho
29363,奈良県,田原本町,タワラモトチョウ,Tawaramoto-cho
29385,奈良県,曽爾村,ソニムラ,Soni-mura
29386,奈良県,御杖村,ミツエムラ,Mitsue-mura
29401,奈良県,高取町,タカトリチョウ,Takatori-cho
29402,奈良県,明日香村,アスカムラ,Asuka-mura
29424,奈良県,上牧町,カンマキチョウ,Kanmaki-cho
29425,奈良県,王寺町,オウジチョウ,Oji-cho
29426,奈良県,広陵町,コウリヨウチョウ,Koryo-cho
29427,奈良県,河合町,カワイチョウ,Kawai-cho
29441,奈良県,吉野町,ヨシノチョウ,Yoshino-cho
29442,奈良県,大淀町,オオヨドチョウ,Oyodo-cho
29443,奈良県,下市町,シモイチチョウ,Shimoichi-cho
29444,奈良県,黒滝村,クロタキムラ,Kurotaki-mura
29446,奈良県,天川村,テンカワムラ,Tenkawa-mura
29447,奈良県,野迫川村,ノセガワムラ,Nosegawa-mura
29449,奈良県,十津川村,トツカワムラ,Totsukawa-mura
29450,奈良県,下北山村,シモキタヤマムラ,Shimokitayama-mura
29451,奈良県,上北山村,カミキタヤマムラ,Kamikitayama-mura
29452,奈良県,川上村,カワカミムラ,Kawakami-mura
29453,奈良県,東吉野村,ヒガシヨシノムラ,Higashiyoshino-mura
30201,和歌山県,和歌山市,ワカヤマシ,Wakayama-shi
30202,和歌山県,海南市,カイナンシ,Kainan-shi
30203,和歌山県,橋本市,ハシモトシ,Hashimoto-shi
30204,和歌山県,有田市,アリダシ,Arida-shi
30205,和歌山県,御坊市,ゴボウシ,Gobo-shi
30206,和歌山県,田辺市,タナベシ,Tanabe-shi
30207,和歌山県,新宮市,シングウシ,Shingu-shi
30208,和歌山県,紀の川市,キノカワシ,Kinokawa-shi
30209,和歌山県,岩出市,イワデシ,Iwade-shi
30304,和歌山県,紀美野町,キミノチョウ,Kimino-cho
30341,和歌山県,かつらぎ町,カツラギチョウ,Katsuragi-cho
30343,和歌山県,九度山町,クドヤマチョウ,Kudoyama-cho
30344,和歌山県,高野町,コウヤチョウ,Koya-cho
30361,和歌山県,湯浅町,ユアサチョウ,Yuasa-cho
30362,和歌山県,広川町,ヒロガワチョウ,Hirogawa-cho
30366,和歌山県,有田川町,アリダガワチョウ,Aridagawa-cho
30381,和歌山県,美浜町,ミハマチョウ,Mihama-cho
30382,和歌山県,日高町,ヒダカチョウ,Hidaka-cho
30383,和歌山県,由良町,ユラチョウ,Yura-cho
30390,和歌山県,印南町,イナミチョウ,Inami-cho
30391,和歌山県,みなべ町,ミナベチョウ,Minabe-cho
30392,和歌山県,日高川町,ヒダカガワチョウ,Hidakagawa-cho
30401,和歌山県,白浜町,シラハマチョウ,Shirahama-cho
30404,和歌山県,上富田町,カミトンダチョウ,Kamitonda-cho
30406,和歌山県,すさみ町,スサミチョウ,Susami-cho
30421,和歌山県,那智勝浦町,ナチカツウラチョウ,Nachikatsuura-cho
30422,和歌山県,太地町,タイジチョウ,Taiji-cho
30424,和歌山県,古座川町,コザガワチョウ,Kozagawa-cho
30427,和歌山県,北山村,キタヤマムラ,Kitayama-mura
30428,和歌山県,串本町,クシモトチョウ,Kushimoto-cho
31201,鳥取県,鳥取市,トットリシ,Tottori-shi
31202,鳥取県,米子市,ヨナゴシ,Yonago-shi
31203,鳥取県,倉吉市,クラヨシシ,Kurayoshi-shi
31204,鳥取県,境港市,サカイミナトシ,Sakaiminato-shi
31302,鳥取県,岩美町,イワミチョウ,Iwami-cho
31325,鳥取県,若桜町,ワカサチョウ,Wakasa-cho
31328,鳥取県,智頭町,チヅチョウ,Chizu-cho
31329,鳥取県,八頭町,ヤズチョウ,Yazu-cho
31364,鳥取県,三朝町,ミササチョウ,Misasa-cho
31370,鳥取県,湯梨浜町,ユリハマチョウ,Yurihama-cho
31371,鳥取県,琴浦町,コトウラチョウ,Kotoura-cho
31372,鳥取県,北栄町,ホクエイチョウ,Hokuei-cho
31384,鳥取県,日吉津村,ヒエヅソン,Hiezu-son
31386,鳥取県,大山町,ダイセンチョウ,Daisen-cho
31389,鳥取県,南部町,ナンブチョウ,Nanbu-cho
31390,鳥取県,伯耆町,ホウキチョウ,Hoki-cho
31401,鳥取県,日南町,ニチナンチョウ,Nichinan-cho
31402,鳥取県,日野町,ヒノチョウ,Hino-cho
31403,鳥取県,江府町,コウフチョウ,Kofu-cho
32201,島根県,松江市,マツエシ,Matsue-shi
32202,島根県,浜田市,ハマダシ,Hamada-shi
32203,島根県,出雲市,イズモシ,Izumo-shi
32204,島根県,益田市,マスダシ,Masuda-shi
32205,島根県,大田市,オオダシ,Oda-shi
32206,島根県,安来市,ヤスギシ,Yasugi-shi
32207,島根県,江津市,ゴウツシ,Gotsu-shi
32209,島根県,雲南市,ウンナンシ,Unnan-shi
32343,島根県,奥出雲町,オクイズモチョウ,Okuizumo-cho
32386,島根県,飯南町,イイナンチョウ,Iinan-cho
32441,島根県,川本町,カワモトマチ,Kawamoto-machi
32448,島根県,美郷町,ミサトチョウ,Misato-cho
32449,島根県,邑南町,オオナンチョウ,Onan-cho
32501,島根県,津和野町,ツワノチョウ,Tsuwano-cho
32505,島根県,吉賀町,ヨシカチョウ,Yoshika-cho
32525,島根県,海士町,アマチョウ,Ama-cho
32526,島根県,西ノ島町,ニシノシマチョウ,Nishinoshima-cho
32527,島根県,知夫村,チブムラ,Chibu-mura
32528,島根県,隠岐の島町,オキノシマチョウ,Okinoshima-cho
33100,岡山県,岡山市,オカヤマシ,Okayama-shi
33101,岡山県,岡山市北区,オカヤマシキタク,Okayama-shi Kita-ku
33102,岡山県,岡山市中区,オカヤマシナカク,Okayama-shi Naka-ku
33103,岡山県,岡山市東区,オカヤマシヒガシク,Okayama-shi Higashi-ku
33104,岡山県,岡山市南区,オカヤマシミナミク,Okayama-shi Minami-ku
33202,岡山県,倉敷市,クラシキシ,Kurashiki-shi
33203,岡山県,津山市,ツヤマシ,Tsuyama-shi
33204,岡山県,玉野市,タマノシ,Tamano-shi
33205,岡山県,笠岡市,カサオカシ,Kasaoka-shi
33207,岡山県,井原市,イバラシ,Ibara-shi
33208,岡山県,総社市,ソウジヤシ,Soja-shi
33209,岡山県,高梁市,タカハシシ,Takahashi-shi
33210,岡山県,新見市,ニイミシ,Niimi-shi
33211,岡山県,備前市,ビゼンシ,Bizen-shi
33212,岡山県,瀬戸内市,セトウチシ,Setouchi-shi
33213,岡山県,赤磐市,アカイワシ,Akaiwa-shi
33214,岡山県,真庭市,マニワシ,Maniwa-shi
33215,岡山県,美作市,ミマサカシ,Mimasaka-shi
33216,岡山県,浅口市,アサクチシ,Asakuchi-shi
33346,岡山県,和気町,ワケチョウ,Wake-cho
33423,岡山県,早島町,ハヤシマチョウ,Hayashima-cho
33445,岡山県,里庄町,サトショウチョウ,Satosho-cho
33461,岡山県,矢掛町,ヤカゲチョウ,Yakage-cho
33586,岡山県,新庄村,シンジヨウソン,Shinjo-son
33606,岡山県,鏡野町,カガミノチョウ,Kagamino-cho
33622,岡山県,勝央町,ショウオウチョウ,Shoo-cho
33623,岡山県,奈義町,ナギチョウ,Nagi-cho
33643,岡山県,西粟倉村,ニシアワクラソン,Nishiawakura-son
33663,岡山県,久米南町,クメナンチョウ,Kumenan-cho
33666,岡山県,美咲町,ミサキチョウ,Misaki-cho
33681,岡山県,吉備中央町,キビチュウオウチョウ,Kibi-chuo-cho
34100,広島県,広島市,ヒロシマシ,Hiroshima-shi
34101,広島県,広島市中区,ヒロシマシナカク,Hiroshima-shi Naka-ku
34102,広島県,広島市東区,ヒロシマシヒガシク,Hiroshima-shi Higashi-ku
34103,広島県,広島市南区,ヒロシマシミナミク,Hiroshima-shi Minami-ku
34104,広島県,広島市西区,ヒロシマシニシク,Hiroshima-shi Nishi-ku
34105,広島県,広島市安佐南区,ヒロシマシアサミナミク,Hiroshima-shi Asaminami-ku
34106,広島県,広島市安佐北区,ヒロシマシアサキタク,Hiroshima-shi Asakita-ku
34107,広島県,広島市安芸区,ヒロシマシアキク,Hiroshima-shi Aki-ku
34108,広島県,広島市佐伯区,ヒロシマシサエキク,Hiroshima-shi Saeki-ku
34202,広島県,呉市,クレシ,Kure-shi
34203,広島県,竹原市,タケハラシ,Takehara-shi
34204,広島県,三原市,ミハラシ,Mihara-shi
34205,広島県,尾道市,オノミチシ,Onomichi-shi
34207,広島県,福山市,フクヤマシ,Fukuyama-shi
34208,広島県,府中市,フチュウシ,Fuchu-shi
34209,広島県,三次市,ミヨシシ,Miyoshi-shi
34210,広島県,庄原市,ショウバラシ,Shobara-shi
34211,広島県,大竹市,オオタケシ,Otake-shi
34212,広島県,東広島市,ヒガシヒロシマシ,Higashihiroshima-shi
34213,広島県,廿日市市,ハツカイチシ,Hatsukaichi-shi
34214,広島県,安芸高田市,アキタカタシ,Akitakata-shi
34215,広島県,江田島市,エタジマシ,Etajima-shi
34302,広島県,府中町,フチュウチョウ,Fuchu-cho
34304,広島県,海田町,カイタチョウ,Kaita-cho
34307,広島県,熊野町,クマノチョウ,Kumano-cho
34309,広島県,坂町,サカチョウ,Saka-cho
34368,広島県,安芸太田町,アキオオタチョウ,Akiota-cho
34369,広島県,北広島町,キタヒロシマチョウ,Kitahiroshima-cho
34431,広島県,大崎上島町,オオサキカミジマチョウ,Osakikamijima-cho
34462,広島県,世羅町,セラチョウ,Sera-cho
34545,広島県,神石高原町,ジンセキコウゲンチョウ,Jinsekikogen-cho
35201,山口県,下関市,シモノセキシ,Shimonoseki-shi
35202,山口県,宇部市,ウベシ,Ube-shi
35203,山口県,山口市,ヤマグチシ,Yamaguchi-shi
35204,山口県,萩市,ハギシ,Hagi-shi
35206,山口県,防府市,ホウフシ,Hofu-shi
35207,山口県,下松市,クダマツシ,Kudamatsu-shi
35208,山口県,岩国市,イワクニシ,Iwakuni-shi
35210,山口県,光市,ヒカリシ,Hikari-shi
35211,山口県,長門市,ナガトシ,Nagato-shi
35212,山口県,柳井市,ヤナイシ,Yanai-shi
35213,山口県,美祢市,ミネシ,Mine-shi
35215,山口県,周南市,シュウナンシ,Shunan-shi
35216,山口県,山陽小野田市,サンヨウオノダシ,San'yo-Onoda-shi
35305,山口県,周防大島町,スオウオオシマチョウ,Suo-oshima-cho
35321,山口県,和木町,ワキチョウ,Waki-cho
35341,山口県,上関町,カミノセキチョウ,Kaminoseki-cho
35343,山口県,田布施町,タブセチョウ,Tabuse-cho
35344,山口県,平生町,ヒラオチョウ,Hirao-cho
35502,山口県,阿武町,アブチョウ,Abu-cho
36201,徳島県,徳島市,トクシマシ,Tokushima-shi
36202,徳島県,鳴門市,ナルトシ,Naruto-shi
36203,徳島県,小松島市,コマツシマシ,Komatsushima-shi
36204,徳島県,阿南市,アナンシ,Anan-shi
36205,徳島県,吉野川市,ヨシノガワシ,Yoshinogawa-shi
36206,徳島県,阿波市,アワシ,Awa-shi
36207,徳島県,美馬市,ミマシ,Mima-shi
36208,徳島県,三好市,ミヨシシ,Miyoshi-shi
36301,徳島県,勝浦町,カツウラチョウ,Katsuura-cho
36302,徳島県,上勝町,カミカツチョウ,Kamikatsu-cho
36321,徳島県,佐那河内村,サナゴウチソン,Sanagochi-son
36341,徳島県,石井町,イシイチョウ,Ishii-cho
36342,徳島県,神山町,カミヤマチョウ,Kamiyama-cho
36368,徳島県,那賀町,ナカチョウ,Naka-cho
36383,徳島県,牟岐町,ムギチョウ,Mugi-cho
36387,徳島県,美波町,ミナミチョウ,Minami-cho
36388,徳島県,海陽町,カイヨウチョウ,Kaiyo-cho
36401,徳島県,松茂町,マツシゲチョウ,Matsushige-cho
36402,徳島県,北島町,キタジマチョウ,Kitajima-cho
36403,徳島県,藍住町,アイズミチョウ,Aizumi-cho
36404,徳島県,板野町,イタノチョウ,Itano-cho
36405,徳島県,上板町,カミイタチョウ,Kamiita-cho
36468,徳島県,つるぎ町,ツルギチョウ,Tsurugi-cho
36489,徳島県,東みよし町,ヒガシミヨシチョウ,Higashimiyoshi-cho
37201,香川県,高松市,タカマツシ,Takamatsu-shi
37202,香川県,丸亀市,マルガメシ,Marugame-shi
37203,香川県,坂出市,サカイデシ,Sakaide-shi
37204,香川県,善通寺市,ゼンツウジシ,Zentsuji-shi
37205,香川県,観音寺市,カンオンジシ,Kan'onji-shi
37206,香川県,さぬき市,サヌキシ,Sanuki-shi
37207,香川県,東かがわ市,ヒガシカガワシ,Higashikagawa-shi
37208,香川県,三豊市,ミトヨシ,Mitoyo-shi
37322,香川県,土庄町,トノショウチョウ,Tonosho-cho
37324,香川県,小豆島町,ショウドシマチョウ,Shodoshima-cho
37341,香川県,三木町,ミキチョウ,Miki-cho
37364,香川県,直島町,ナオシマチョウ,Naoshima-cho
37386,香川県,宇多津町,ウタヅチョウ,Utazu-cho
37387,香川県,綾川町,アヤガワチョウ,Ayagawa-cho
37403,香川県,琴平町,コトヒラチョウ,Kotohira-cho
37404,香川県,多度津町,タドツチョウ,Tadotsu-cho
37406,香川県,まんのう町,マンノウチョウ,Manno-cho
38201,愛媛県,松山市,マツヤマシ,Matsuyama-shi
38202,愛媛県,今治市,イマバリシ,Imabari-shi
38203,愛媛県,宇和島市,ウワジマシ,Uwajima-shi
38204,愛媛県,八幡浜市,ヤワタハマシ,Yawatahama-shi
38205,愛媛県,新居浜市,ニイハマシ,Niihama-shi
38206,愛媛県,西条市,サイジョウシ,Saijo-shi
38207,愛媛県,大洲市,オオズシ,Ozu-shi
38210,愛媛県,伊予市,イヨシ,Iyo-shi
38213,愛媛県,四国中央市,シコクチュウオウシ,Shikokuchuo-shi
38214,愛媛県,西予市,セイヨシ,Seiyo-shi
38215,愛媛県,東温市,トウオンシ,Toon-shi
38356,愛媛県,上島町,カミジマチョウ,Kamijima-cho
38386,愛媛県,久万高原町,クマコウゲンチョウ,Kumakogen-cho
38401,愛媛県,松前町,マサキチョウ,Masaki-cho
38402,愛媛県,砥部町,トベチョウ,Tobe-cho
38422,愛媛県,内子町,ウチコチョウ,Uchiko-cho
38442,愛媛県,伊方町,イカタチョウ,Ikata-cho
38484,愛媛県,松野町,マツノチョウ,Matsuno-cho
38488,愛媛県,鬼北町,キホクチョウ,Kihoku-cho
38506,愛媛県,愛南町,アイナンチョウ,Ainan-cho
39201,高知県,高知市,コウチシ,Kochi-shi
39202,高知県,室戸市,ムロトシ,Muroto-shi
39203,高知県,安芸市,アキシ,Aki-shi
39204,高知県,南国市,ナンコクシ,Nankoku-shi
39205,高知県,土佐市,トサシ,Tosa-shi
39206,高知県,須崎市,スサキシ,Susaki-shi
39208,高知県,宿毛市,スクモシ,Sukumo-shi
39209,高知県,土佐清水市,トサシミズシ,Tosashimizu-shi
39210,高知県,四万十市,シマントシ,Shimanto-shi
39211,高知県,香南市,コウナンシ,Konan-shi
39212,高知県,香美市,カミシ,Kami-shi
39301,高知県,東洋町,トウヨウチョウ,Toyo-cho
39302,高知県,奈半利町,ナハリチョウ,Nahari-cho
39303,高知県,田野町,タノチョウ,Tano-cho
39304,高知県,安田町,ヤスダチョウ,Yasuda-cho
39305,高知県,北川村,キタガワムラ,Kitagawa-mura
39306,高知県,馬路村,ウマジムラ,Umaji-mura
39307,高知県,芸西村,ゲイセイムラ,Geisei-mura
39341,高知県,本山町,モトヤマチョウ,Motoyama-cho
39344,高知県,大豊町,オオトヨチョウ,Otoyo-cho
39363,高知県,土佐町,トサチョウ,Tosa-cho
39364,高知県,大川村,オオカワムラ,Okawa-mura
39386,高知県,いの町,イノチョウ,Ino-cho
39387,高知県,仁淀川町,ニヨドガワチョウ,Niyodogawa-cho
39401,高知県,中土佐町,ナカトサチョウ,Nakatosa-cho
39402,高知県,佐川町,サカワチョウ,Sakawa-cho
39403,高知県,越知町,オチチョウ,Ochi-cho
39405,高知県,梼原町,ユスハラチョウ,Yusuhara-cho
39410,高知県,日高村,ヒダカムラ,Hidaka-mura
39411,高知県,津野町,ツノチョウ,Tsuno-cho
39412,高知県,四万十町,シマントチョウ,Shimanto-cho
39424,高知県,大月町,オオツキチョウ,Otsuki-cho
39427,高知県,三原村,ミハラムラ,Mihara-mura
39428,高知県,黒潮町,クロシオチョウ,Kuroshio-cho
40100,福岡県,北九州市,キタキュウシュウシ,Kitakyushu-shi
40101,福岡県,北九州市門司区,キタキュウシュウシモジク,Kitakyushu-shi Moji-ku
40103,福岡県,北九州市若松区,キタキュウシュウシワカマツク,Kitakyushu-shi Wakamatsu-ku
40105,福岡県,北九州市戸畑区,キタキュウシュウシトバタク,Kitakyushu-shi Tobata-ku
40106,福岡県,北九州市小倉北区,キタキュウシュウシコクラキタク,Kitakyushu-shi Kokurakita-ku
40107,福岡県,北九州市小倉南区,キタキュウシュウシコクラミナミク,Kitakyushu-shi Kokuraminami-ku
40108,福岡県,北九州市八幡東区,キタキュウシュウシヤハタヒガシク,Kitakyushu-shi Yahatahigashi-ku
40109,福岡県,北九州市八幡西区,キタキュウシュウシヤハタニシク,Kitakyushu-shi Yahatanishi-ku
40130,福岡県,福岡市,フクオカシ,Fukuoka-shi
40131,福岡県,福岡市東区,フクオカシヒガシク,Fukuoka-shi Higashi-ku
40132,福岡県,福岡市博多区,フクオカシハカタク,Fukuoka-shi Hakata-ku
40133,福岡県,福岡市中央区,フクオカシチュウオウク,Fukuoka-shi Chuo-ku
40134,福岡県,福岡市南区,フクオカシミナミク,Fukuoka-shi Minami-ku
40135,福岡県,福岡市西区,フクオカシニシク,Fukuoka-shi Nishi-ku
40136,福岡県,福岡市城南区,フクオカシジョウナンク,Fukuoka-shi Jonan-ku
40137,福岡県,福岡市早良区,フクオカシサワラク,Fukuoka-shi Sawara-ku
40202,福岡県,大牟田市,オオムタシ,Omuta-shi
40203,福岡県,久留米市,クルメシ,Kurume-shi
40204,福岡県,直方市,ノオガタシ,Nogata-shi
40205,福岡県,飯塚市,イイヅカシ,Iizuka-shi
40206,福岡県,田川市,タガワシ,Tagawa-shi
40207,福岡県,柳川市,ヤナガワシ,Yanagawa-shi
40210,福岡県,八女市,ヤメシ,Yame-shi
40211,福岡県,筑後市,チクゴシ,Chikugo-shi
40212,福岡県,大川市,オオカワシ,Okawa-shi
40213,福岡県,行橋市,ユクハシシ,Yukuhashi-shi
40214,福岡県,豊前市,ブゼンシ,Buzen-shi
40215,福岡県,中間市,ナカマシ,Nakama-shi
40216,福岡県,小郡市,オゴオリシ,Ogori-shi
40217,福岡県,筑紫野市,チクシノシ,Chikushino-shi
40218,福岡県,春日市,カスガシ,Kasuga-shi
40219,福岡県,大野城市,オオノジョウシ,Onojo-shi
40220,福岡県,宗像市,ムナカタシ,Munakata-shi
40221,福岡県,太宰府市,ダザイフシ,Dazaifu-shi
40223,福岡県,古賀市,コガシ,Koga-shi
40224,福岡県,福津市,フクツシ,Fukutsu-shi
40225,福岡県,うきは市,ウキハシ,Ukiha-shi
40226,福岡県,宮若市,ミヤワカシ,Miyawaka-shi
40227,福岡県,嘉麻市,カマシ,Kama-shi
40228,福岡県,朝倉市,アサクラシ,Asakura-shi
40229,福岡県,みやま市,ミヤマシ,Miyama-shi
40230,福岡県,糸島市,イトシマシ,Itoshima-shi
40231,福岡県,那珂川市,ナカガワシ,Nakagawa-shi
40341,福岡県,宇美町,ウミマチ,Umi-machi
40342,福岡県,篠栗町,ササグリマチ,Sasaguri-machi
40343,福岡県,志免町,シメマチ,Shime-machi
40344,福岡県,須恵町,スエマチ,Sue-machi
40345,福岡県,新宮町,シングウマチ,Shingu-machi
40348,福岡県,久山町,ヒサヤママチ,Hisayama-machi
40349,福岡県,粕屋町,カスヤマチ,Kasuya-machi
40381,福岡県,芦屋町,アシヤマチ,Ashiya-machi
40382,福岡県,水巻町,ミズマキマチ,Mizumaki-machi
40383,福岡県,岡垣町,オカガキマチ,Okagaki-machi
40384,福岡県,遠賀町,オンガチョウ,Onga-cho
40401,福岡県,小竹町,コタケマチ,Kotake-machi
40402,福岡県,鞍手町,クラテマチ,Kurate-machi
40421,福岡県,桂川町,ケイセンマチ,Keisen-machi
40447,福岡県,筑前町,チクゼンマチ,Chikuzen-machi
40448,福岡県,東峰村,トウホウムラ,Toho-mura
40503,福岡県,大刀洗町,タチアライマチ,Tachiarai-machi
40522,福岡県,大木町,オオキマチ,Oki-machi
40544,福岡県,広川町,ヒロカワマチ,Hirokawa-machi
40601,福岡県,香春町,カワラマチ,Kawara-machi
40602,福岡県,添田町,ソエダマチ,Soeda-machi
40604,福岡県,糸田町,イトダマチ,Itoda-machi
40605,福岡県,川崎町,カワサキマチ,Kawasaki-machi
40608,福岡県,大任町,オオトウマチ,Oto-machi
40609,福岡県,赤村,アカムラ,Aka-mura
40610,福岡県,福智町,フクチマチ,Fukuchi-machi
40621,福岡県,苅田町,カンダマチ,Kanda-machi
40625,福岡県,みやこ町,ミヤコマチ,Miyako-machi
40642,福岡県,吉富町,ヨシトミマチ,Yoshitomi-machi
40646,福岡県,上毛町,コウゲマチ,Koge-machi
40647,福岡県,築上町,チクジョウマチ,Chikujo-machi
41201,佐賀県,佐賀市,サガシ,Saga-shi
41202,佐賀県,唐津市,カラツシ,Karatsu-shi
41203,佐賀県,鳥栖市,トスシ,Tosu-shi
41204,佐賀県,多久市,タクシ,Taku-shi
41205,佐賀県,伊万里市,イマリシ,Imari-shi
41206,佐賀県,武雄市,タケオシ,Takeo-shi
41207,佐賀県,鹿島市,カシマシ,Kashima-shi
41208,佐賀県,小城市,オギシ,Ogi-shi
41209,佐賀県,嬉野市,ウレシノシ,Ureshino-shi
41210,佐賀県,神埼市,カンザキシ,Kanzaki-shi
41327,佐賀県,吉野ヶ里町,ヨシノガリチョウ,Yoshinogari-cho
41341,佐賀県,基山町,キヤマチョウ,Kiyama-cho
41345,佐賀県,上峰町,カミミネチョウ,Kamimine-cho
41346,佐賀県,みやき町,ミヤキチョウ,Miyaki-cho
41387,佐賀県,玄海町,ゲンカイチョウ,Genkai-cho
41401,佐賀県,有田町,アリタチョウ,Arita-cho
41423,佐賀県,大町町,オオマチチョウ,Omachi-cho
41424,佐賀県,江北町,コウホクマチ,Kohoku-machi
41425,佐賀県,白石町,シロイシチョウ,Shiroishi-cho
41441,佐賀県,太良町,タラチョウ,Tara-cho
42201,長崎県,長崎市,ナガサキシ,Nagasaki-shi
42202,長崎県,佐世保市,サセボシ,Sasebo-shi
42203,長崎県,島原市,シマバラシ,Shimabara-shi
42204,長崎県,諫早市,イサハヤシ,Isahaya-shi
42205,長崎県,大村市,オオムラシ,Omura-shi
42207,長崎県,平戸市,ヒラドシ,Hirado-shi
42208,長崎県,松浦市,マツウラシ,Matsuura-shi
42209,長崎県,対馬市,ツシマシ,Tsushima-shi
42210,長崎県,壱岐市,イキシ,Iki-shi
42211,長崎県,五島市,ゴトウシ,Goto-shi
42212,長崎県,西海市,サイカイシ,Saikai-shi
42213,長崎県,雲仙市,ウンゼンシ,Unzen-shi
42214,長崎県,南島原市,ミナミシマバラシ,Minamishimabara-shi
42307,長崎県,長与町,ナガヨチョウ,Nagayo-cho
42308,長崎県,時津町,トギツチョウ,Togitsu-cho
42321,長崎県,東彼杵町,ヒガシソノギチョウ,Higashisonogi-cho
42322,長崎県,川棚町,カワタナチョウ,Kawatana-cho
42323,長崎県,波佐見町,ハサミチョウ,Hasami-cho
42383,長崎県,小値賀町,オヂカチョウ,Ojika-cho
42391,長崎県,佐々町,サザチョウ,Saza-cho
42411,長崎県,新上五島町,シンカミゴトウチョウ,Shinkamigoto-cho
43100,熊本県,熊本市,クマモトシ,Kumamoto-shi
43101,熊本県,熊本市中央区,クマモトシチュウオウク,Kumamoto-shi Chuo-ku
43102,熊本県,熊本市東区,クマモトシヒガシク,Kumamoto-shi Higashi-ku
43103,熊本県,熊本市西区,クマモトシニシク,Kumamoto-shi Nishi-ku
43104,熊本県,熊本市南区,クマモトシミナミク,Kumamoto-shi Minami-ku
43105,熊本県,熊本市北区,クマモトシキタク,Kumamoto-shi Kita-ku
43202,熊本県,八代市,ヤツシロシ,Yatsushiro-shi
43203,熊本県,人吉市,ヒトヨシシ,Hitoyoshi-shi
43204,熊本県,荒尾市,アラオシ,Arao-shi
43205,熊本県,水俣市,ミナマタシ,Minamata-shi
43206,熊本県,玉名市,タマナシ,Tamana-shi
43208,熊本県,山鹿市,ヤマガシ,Yamaga-shi
43210,熊本県,菊池市,キクチシ,Kikuchi-shi
43211,熊本県,宇土市,ウトシ,Uto-shi
43212,熊本県,上天草市,カミアマクサシ,Kamiamakusa-shi
43213,熊本県,宇城市,ウキシ,Uki-shi
43214,熊本県,阿蘇市,アソシ,Aso-shi
43215,熊本県,天草市,アマクサシ,Amakusa-shi
43216,熊本県,合志市,コウシシ,Koshi-shi
43348,熊本県,美里町,ミサトマチ,Misato-machi
43364,熊本県,玉東町,ギョクトウマチ,Gyokuto-machi
43367,熊本県,南関町,ナンカンマチ,Nankan-machi
43368,熊本県,長洲町,ナガスマチ,Nagasu-machi
43369,熊本県,和水町,ナゴミマチ,Nagomi-machi
43403,熊本県,大津町,オオヅマチ,Ozu-machi
43404,熊本県,菊陽町,キクヨウマチ,Kikuyo-machi
43423,熊本県,南小国町,ミナミオグニマチ,Minamioguni-machi
43424,熊本県,小国町,オグニマチ,Oguni-machi
43425,熊本県,産山村,ウブヤマムラ,Ubuyama-mura
43428,熊本県,高森町,タカモリマチ,Takamori-machi
43432,熊本県,西原村,ニシハラムラ,Nishihara-mura
43433,熊本県,南阿蘇村,ミナミアソムラ,Minamiaso-mura
43441,熊本県,御船町,ミフネマチ,Mifune-machi
43442,熊本県,嘉島町,カシママチ,Kashima-machi
43443,熊本県,益城町,マシキマチ,Mashiki-machi
43444,熊本県,甲佐町,コウサマチ,Kosa-machi
43447,熊本県,山都町,ヤマトチョウ,Yamato-cho
43468,熊本県,氷川町,ヒカワチョウ,Hikawa-cho
43482,熊本県,芦北町,アシキタマチ,Ashikita-machi
43484,熊本県,津奈木町,ツナギマチ,Tsunagi-machi
43501,熊本県,錦町,ニシキマチ,Nishiki-machi
43505,熊本県,多良木町,タラギマチ,Taragi-machi
43506,熊本県,湯前町,ユノマエマチ,Yunomae-machi
43507,熊本県,水上村,ミズカミムラ,Mizukami-mura
43510,熊本県,相良村,サガラムラ,Sagara-mura
43511,熊本県,五木村,イツキムラ,Itsuki-mura
43512,熊本県,山江村,ヤマエムラ,Yamae-mura
43513,熊本県,球磨村,クマムラ,Kuma-mura
43514,熊本県,あさぎり町,アサギリチョウ,Asagiri-cho
43531,熊本県,苓北町,レイホクマチ,Reihoku-machi
44201,大分県,大分市,オオイタシ,Oita-shi
44202,大分県,別府市,ベップシ,Beppu-shi
44203,大分県,中津市,ナカツシ,Nakatsu-shi
44204,大分県,日田市,ヒタシ,Hita-shi
44205,大分県,佐伯市,サイキシ,Saiki-shi
44206,大分県,臼杵市,ウスキシ,Usuki-shi
44207,大分県,津久見市,ツクミシ,Tsukumi-shi
44208,大分県,竹田市,タケタシ,Taketa-shi
44209,大分県,豊後高田市,ブンゴタカダシ,Bungotakada-shi
44210,大分県,杵築市,キツキシ,Kitsuki-shi
44211,大分県,宇佐市,ウサシ,Usa-shi
44212,大分県,豊後大野市,ブンゴオオノシ,Bungo-ono-shi
44213,大分県,由布市,ユフシ,Yufu-shi
44214,大分県,国東市,クニサキシ,Kunisaki-shi
44322,大分県,姫島村,ヒメシマムラ,Himeshima-mura
44341,大分県,日出町,ヒジマチ,Hiji-machi
44461,大分県,九重町,ココノエマチ,Kokonoe-machi
44462,大分県,玖珠町,クスマチ,Kusu-machi
45201,宮崎県,宮崎市,ミヤザキシ,Miyazaki-shi
45202,宮崎県,都城市,ミヤコノジョウシ,Miyakonojo-shi
45203,宮崎県,延岡市,ノベオカシ,Nobeoka-shi
45204,宮崎県,日南市,ニチナンシ,Nichinan-shi
45205,宮崎県,小林市,コバヤシシ,Kobayashi-shi
45206,宮崎県,日向市,ヒュウガシ,Hyuga-shi
45207,宮崎県,串間市,クシマシ,Kushima-shi
45208,宮崎県,西都市,サイトシ,Saito-shi
45209,宮崎県,えびの市,エビノシ,Ebino-shi
45341,宮崎県,三股町,ミマタチョウ,Mimata-cho
45361,宮崎県,高原町,タカハルチョウ,Takaharu-cho
45382,宮崎県,国富町,クニトミチョウ,Kunitomi-cho
45383,宮崎県,綾町,アヤチョウ,Aya-cho
45401,宮崎県,高鍋町,タカナベチョウ,Takanabe-cho
45402,宮崎県,新富町,シントミチョウ,Shintomi-cho
45403,宮崎県,西米良村,ニシメラソン,Nishimera-son
45404,宮崎県,木城町,キジョウチョウ,Kijo-cho
45405,宮崎県,川南町,カワミナミチョウ,Kawaminami-cho
45406,宮崎県,都農町,ツノチョウ,Tsuno-cho
45421,宮崎県,門川町,カドガワチョウ,Kadogawa-cho
45429,宮崎県,諸塚村,モロツカソン,Morotsuka-son
45430,宮崎県,椎葉村,シイバソン,Shiiba-son
45431,宮崎県,美郷町,ミサトチョウ,Misato-cho
45441,宮崎県,高千穂町,タカチホチョウ,Takachiho-cho
45442,宮崎県,日之影町,ヒノカゲチョウ,Hinokage-cho
45443,宮崎県,五ヶ瀬町,ゴカセチョウ,Gokase-cho
46201,鹿児島県,鹿児島市,カゴシマシ,Kagoshima-shi
46203,鹿児島県,鹿屋市,カノヤシ,Kanoya-shi
46204,鹿児島県,枕崎市,マクラザキシ,Makurazaki-shi
46206,鹿児島県,阿久根市,アクネシ,Akune-shi
46208,鹿児島県,出水市,イズミシ,Izumi-shi
46210,鹿児島県,指宿市,イブスキシ,Ibusuki-shi
46213,鹿児島県,西之表市,ニシノオモテシ,Nishinoomote-shi
46214,鹿児島県,垂水市,タルミズシ,Tarumizu-shi
46215,鹿児島県,薩摩川内市,サツマセンダイシ,Satsumasendai-shi
46216,鹿児島県,日置市,ヒオキシ,Hioki-shi
46217,鹿児島県,曽於市,ソオシ,So-shi
46218,鹿児島県,霧島市,キリシマシ,Kirishima-shi
46219,鹿児島県,いちき串木野市,イチキクシキノシ,Ichikikushikino-shi
46220,鹿児島県,南さつま市,ミナミサツマシ,Minamisatsuma-shi
46221,鹿児島県,志布志市,シブシシ,Shibushi-shi
46222,鹿児島県,奄美市,アマミシ,Amami-shi
46223,鹿児島県,南九州市,ミナミキュウシュウシ,Minamikyushu-shi
46224,鹿児島県,伊佐市,イサシ,Isa-shi
46225,鹿児島県,姶良市,アイラシ,Aira-shi
46303,鹿児島県,三島村,ミシマムラ,Mishima-mura
46304,鹿児島県,十島村,トシマムラ,Toshima-mura
46392,鹿児島県,さつま町,サツマチョウ,Satsuma-cho
46404,鹿児島県,長島町,ナガシマチョウ,Nagashima-cho
46452,鹿児島県,湧水町,ユウスイチョウ,Yusui-cho
46468,鹿児島県,大崎町,オオサキチョウ,Osaki-cho
46482,鹿児島県,東串良町,ヒガシクシラチョウ,Higashikushira-cho
46490,鹿児島県,錦江町,キンコウチョウ,Kinko-cho
46491,鹿児島県,南大隅町,ミナミオオスミチョウ,Minamiosumi-cho
46492,鹿児島県,肝付町,キモツキチョウ,Kimotsuki-cho
46501,鹿児島県,中種子町,ナカタネチョウ,Nakatane-cho
46502,鹿児島県,南種子町,ミナミタネチョウ,Minamitane-cho
46505,鹿児島県,屋久島町,ヤクシマチョウ,Yakushima-cho
46523,鹿児島県,大和村,ヤマトソン,Yamato-son
46524,鹿児島県,宇検村,ウケンソン,Uken-son
46525,鹿児島県,瀬戸内町,セトウチチョウ,Setouchi-cho
46527,鹿児島県,龍郷町,タツゴウチョウ,Tatsugo-cho
46529,鹿児島県,喜界町,キカイチョウ,Kikai-cho
46530,鹿児島県,徳之島町,トクノシマチョウ,Tokunoshima-cho
46531,鹿児島県,天城町,アマギチョウ,Amagi-cho
46532,鹿児島県,伊仙町,イセンチョウ,Isen-cho
46533,鹿児島県,和泊町,ワドマリチョウ,Wadomari-cho
46534,鹿児島県,知名町,チナチョウ,China-cho
46535,鹿児島県,与論町,ヨロンチョウ,Yoron-cho
47201,沖縄県,那覇市,ナハシ,Naha-shi
47205,沖縄県,宜野湾市,ギノワンシ,Ginowan-shi
47207,沖縄県,石垣市,イシガキシ,Ishigaki-shi
47208,沖縄県,浦添市,ウラソエシ,Urasoe-shi
47209,沖縄県,名護市,ナゴシ,Nago-shi
47210,沖縄県,糸満市,イトマンシ,Itoman-shi
47211,沖縄県,沖縄市,オキナワシ,Okinawa-shi
47212,沖縄県,豊見城市,トミグスクシ,Tomigusuku-shi
47213,沖縄県,うるま市,ウルマシ,Uruma-shi
47214,沖縄県,宮古島市,ミヤコジマシ,Miyakojima-shi
47215,沖縄県,南城市,ナンジョウシ,Nanjo-shi
47301,沖縄県,国頭村,クニガミソン,Kunigami-son
47302,沖縄県,大宜味村,オオギミソン,Ogimi-son
47303,沖縄県,東村,ヒガシソン,Higashi-son
47306,沖縄県,今帰仁村,ナキジンソン,Nakijin-son
47308,沖縄県,本部町,モトブチョウ,Motobu-cho
47311,沖縄県,恩納村,オンナソン,Onna-son
47313,沖縄県,宜野座村,ギノザソン,Ginoza-son
47314,沖縄県,金武町,キンチョウ,Kin-cho
47315,沖縄県,伊江村,イエソン,Ie-son
47324,沖縄県,読谷村,ヨミタンソン,Yomitan-son
47325,沖縄県,嘉手納町,カデナチョウ,Kadena-cho
47326,沖縄県,北谷町,チヤタンチョウ,Chatan-cho
47327,沖縄県,北中城村,キタナカグスクソン,Kitanakagusuku-son
47328,沖縄県,中城村,ナカグスクソン,Nakagusuku-son
47329,沖縄県,西原町,ニシハラチョウ,Nishihara-cho
47348,沖縄県,与那原町,ヨナバルチョウ,Yonabaru-cho
47350,沖縄県,南風原町,ハエバルチョウ,Haebaru-cho
47353,沖縄県,渡嘉敷村,トカシキソン,Tokashiki-son
47354,沖縄県,座間味村,ザマミソン,Zamami-son
47355,沖縄県,粟国村,アグニソン,Aguni-son
47356,沖縄県,渡名喜村,トナキソン,Tonaki-son
47357,沖縄県,南大東村,ミナミダイトウソン,Minamidaito-son
47358,沖縄県,北大東村,キタダイトウソン,Kitadaito-son
47359,沖縄県,伊平屋村,イヘヤソン,Iheya-son
47360,沖縄県,伊是名村,イゼナソン,Izena-son
47361,沖縄県,久米島町,クメジマチョウ,Kumejima-cho
47362,沖縄県,八重瀬町,ヤエセチョウ,Yaese-cho
47375,沖縄県,多良間村,タラマソン,Tarama-son
47381,沖縄県,竹富町,タケトミチョウ,Taketomi-cho
47382,沖縄県,与那国町,ヨナグニチョウ,Yonaguni-cho
